County Name,State Fiscal Year,Ticket Sales,Prizes Paid,Retailer Commissions,FIPS County Code,Latitude,Longitude,Georeferenced Latitude & Longitude
Out Of Country,2018-2019,,79759,,,,,
Bradford,2016-2017,20534654,13155059,1095124,42015,41.79117814,-76.51825624,POINT (-76.51825624 41.79117814)
Lycoming,2015-2016,47812695,30534452,2552885,42081,41.34459792,-77.06942457,POINT (-77.06942457 41.34459792)
Clarion,2012-2013,12014286,7480626,646040,42031,41.19279129,-79.42483608,POINT (-79.42483608 41.19279129)
Cameron,2013-2014,2094372,1879020,128029,42023,41.43880265,-78.20916932,POINT (-78.20916932 41.43880265)
Pike,2013-2014,9139680,7400074,495804,42103,41.332572,-75.03270924,POINT (-75.03270924 41.332572)
Lehigh,2015-2016,98341178,58283473,5184951,42077,40.61464794,-75.60099481,POINT (-75.60099481 40.61464794)
Lebanon,2010-2011,25163421,16879292,1352910,42075,40.367597,-76.46182575,POINT (-76.46182575 40.367597)
Franklin,2016-2017,36685903,25369377,1956555,42055,39.92786197,-77.72398845,POINT (-77.72398845 39.92786197)
Somerset,2015-2016,22655459,14475297,1209546,42111,39.97146299,-79.03100206,POINT (-79.03100206 39.97146299)
Philadelphia,2010-2011,482418451,271563611,24839242,42101,40.00444354,-75.140236,POINT (-75.140236 40.00444354)
Forest,2010-2011,2344095,1467063,124301,42053,41.51357876,-79.23780995,POINT (-79.23780995 41.51357876)
Adams,2010-2011,16020747,14805818,865786,42001,39.87209565,-77.22224271,POINT (-77.22224271 39.87209565)
Union,2016-2017,10662758,6888175,571552,42119,40.96473131,-77.06415803,POINT (-77.06415803 40.96473131)
Butler,2017-2018,66047020,43858508,3556823,42019,40.91083185,-79.91711779,POINT (-79.91711779 40.91083185)
Pike,2014-2015,8729522,5129501,458349,42103,41.332572,-75.03270924,POINT (-75.03270924 41.332572)
Luzerne,2011-2012,120761670,113104442,6556319,42079,41.17836439,-75.9919961,POINT (-75.9919961 41.17836439)
Montgomery,2012-2013,182604019,102962767,9572807,42091,40.20989874,-75.37252001,POINT (-75.37252001 40.20989874)
Columbia,2018-2019,24162717,18580903,1379128,42037,41.04912086,-76.4100218,POINT (-76.4100218 41.04912086)
Sullivan,2011-2012,1644202,855086,87668,42113,41.4480994,-76.5147922,POINT (-76.5147922 41.4480994)
Washington,2016-2017,63403880,38194105,3343911,42125,40.19109663,-80.25180083,POINT (-80.25180083 40.19109663)
Carbon,2017-2018,27301279,18065456,1456965,42025,40.91936701,-75.71107039,POINT (-75.71107039 40.91936701)
Erie,2011-2012,76512185,44545972,4057637,42049,41.99413787,-80.0407591,POINT (-80.0407591 41.99413787)
Huntingdon,2016-2017,13871968,9593323,738584,42061,40.416105,-77.9827661,POINT (-77.9827661 40.416105)
Lackawanna,2013-2014,93354133,56089944,5004722,42069,41.43910064,-75.61218345,POINT (-75.61218345 41.43910064)
Adams,2015-2016,25040715,15640763,1328617,42001,39.87209565,-77.22224271,POINT (-77.22224271 39.87209565)
Centre,2012-2013,26402958,16026892,1417362,42027,40.9193135,-77.82500112,POINT (-77.82500112 40.9193135)
Franklin,2014-2015,31640363,19702875,1689246,42055,39.92786197,-77.72398845,POINT (-77.72398845 39.92786197)
Mercer,2011-2012,33796120,21154549,1789790,42085,41.30237777,-80.26009411,POINT (-80.26009411 41.30237777)
Northumberland,2018-2019,37155089,26690240,2089312,42097,40.85150926,-76.71188423,POINT (-76.71188423 40.85150926)
Snyder,2017-2018,12002254,7869367,649583,42109,40.77113737,-77.07255968,POINT (-77.07255968 40.77113737)
York,2013-2014,116940469,69879631,6287646,42133,39.92192531,-76.72576052,POINT (-76.72576052 39.92192531)
Greene,2018-2019,13915774,8406480,815652,42059,39.85480393,-80.22943817,POINT (-80.22943817 39.85480393)
Delaware,2014-2015,146418188,86870282,7687429,42045,39.91657867,-75.40627712,POINT (-75.40627712 39.91657867)
Westmoreland,2012-2013,135939359,86510240,7220611,42129,40.310315,-79.47134118,POINT (-79.47134118 40.310315)
Allegheny,2011-2012,381641961,204796026,19999201,42003,40.46735543,-79.98619843,POINT (-79.98619843 40.46735543)
Mercer,2017-2018,40573261,26114889,2171739,42085,41.30237777,-80.26009411,POINT (-80.26009411 41.30237777)
Mercer,2016-2017,39829814,24777876,2097343,42085,41.30237777,-80.26009411,POINT (-80.26009411 41.30237777)
Blair,2013-2014,59851599,38746481,3234055,42013,40.48555024,-78.34907687,POINT (-78.34907687 40.48555024)
Susquehanna,2013-2014,14602029,8170081,781306,42115,41.8205686,-75.80250303,POINT (-75.80250303 41.8205686)
Union,2011-2012,7205315,4394863,386223,42119,40.96473131,-77.06415803,POINT (-77.06415803 40.96473131)
Clarion,2017-2018,13525730,9009283,724170,42031,41.19279129,-79.42483608,POINT (-79.42483608 41.19279129)
Schuylkill,2015-2016,73184109,46156434,3882785,42107,40.70751243,-76.22332385,POINT (-76.22332385 40.70751243)
Philadelphia,2014-2015,524321610,287698895,27310100,42101,40.00444354,-75.140236,POINT (-75.140236 40.00444354)
Lebanon,2017-2018,33913183,21879617,1830098,42075,40.367597,-76.46182575,POINT (-76.46182575 40.367597)
Susquehanna,2017-2018,15946193,10819438,857005,42115,41.8205686,-75.80250303,POINT (-75.80250303 41.8205686)
Clinton,2010-2011,10164845,6180964,543356,42035,41.23286274,-77.6428376,POINT (-77.6428376 41.23286274)
Crawford,2012-2013,19290573,11836214,1022649,42039,41.68546907,-80.11321083,POINT (-80.11321083 41.68546907)
Monroe,2018-2019,56438803,35503461,3372461,42089,41.06091787,-75.34083603,POINT (-75.34083603 41.06091787)
Cumberland,2015-2016,71471427,44686211,3798678,42041,40.16759839,-77.26866271,POINT (-77.26866271 40.16759839)
Bedford,2016-2017,12222522,7641738,655369,42009,40.00737536,-78.49116474,POINT (-78.49116474 40.00737536)
Montour,2012-2013,7226642,4450200,395870,42093,41.02801824,-76.66470527,POINT (-76.66470527 41.02801824)
Armstrong,2016-2017,23203470,15046772,1234276,42005,40.81509526,-79.47316899,POINT (-79.47316899 40.81509526)
Jefferson,2010-2011,13407708,9185573,718838,42065,41.13139091,-79.00101814,POINT (-79.00101814 41.13139091)
Juniata,2014-2015,4943471,2994980,266572,42067,40.53433008,-77.405775,POINT (-77.405775 40.53433008)
Lancaster,2015-2016,120374809,78047781,6404608,42071,40.04590796,-76.25138768,POINT (-76.25138768 40.04590796)
Venango,2017-2018,18065047,11616863,972963,42121,41.40341259,-79.76286561,POINT (-79.76286561 41.40341259)
Northumberland,2014-2015,34990041,25847961,1890598,42097,40.85150926,-76.71188423,POINT (-76.71188423 40.85150926)
Bedford,2011-2012,8824193,5472872,473743,42009,40.00737536,-78.49116474,POINT (-78.49116474 40.00737536)
Armstrong,2017-2018,24114656,16430693,1294060,42005,40.81509526,-79.47316899,POINT (-79.47316899 40.81509526)
Fulton,2015-2016,3487405,2108511,186939,42057,39.92487511,-78.11485045,POINT (-78.11485045 39.92487511)
Mifflin,2013-2014,16436789,11123510,889606,42087,40.61274928,-77.62003089,POINT (-77.62003089 40.61274928)
Berks,2017-2018,125168378,84108831,6710569,42011,40.41939635,-75.93077327,POINT (-75.93077327 40.41939635)
Allegheny,2015-2016,425589773,247618081,22336604,42003,40.46735543,-79.98619843,POINT (-79.98619843 40.46735543)
Warren,2012-2013,18344112,12665644,988777,42123,41.81675237,-79.27858158,POINT (-79.27858158 41.81675237)
Cumberland,2014-2015,65252330,38540684,3494564,42041,40.16759839,-77.26866271,POINT (-77.26866271 40.16759839)
Mckean,2012-2013,11877033,8137439,638597,42083,41.81037074,-78.5712202,POINT (-78.5712202 41.81037074)
Snyder,2010-2011,9212729,5889344,491873,42109,40.77113737,-77.07255968,POINT (-77.07255968 40.77113737)
Carbon,2013-2014,21997816,16431899,1181428,42025,40.91936701,-75.71107039,POINT (-75.71107039 40.91936701)
Wayne,2013-2014,18018326,10034273,968603,42127,41.64969805,-75.3051535,POINT (-75.3051535 41.64969805)
York,2017-2018,129590841,84767012,6959538,42133,39.92192531,-76.72576052,POINT (-76.72576052 39.92192531)
Centre,2018-2019,26990974,17655783,1522612,42027,40.9193135,-77.82500112,POINT (-77.82500112 40.9193135)
Lehigh,2013-2014,86775135,51534530,4633669,42077,40.61464794,-75.60099481,POINT (-75.60099481 40.61464794)
Luzerne,2016-2017,136231926,92287021,7299440,42079,41.17836439,-75.9919961,POINT (-75.9919961 41.17836439)
Dauphin,2017-2018,106475663,69112649,5695054,42043,40.41974636,-76.77960568,POINT (-76.77960568 40.41974636)
Tioga,2013-2014,14625237,9917851,787768,42117,41.77333834,-77.25788076,POINT (-77.25788076 41.77333834)
Perry,2011-2012,10413212,5978979,554285,42099,40.40415317,-77.25907385,POINT (-77.25907385 40.40415317)
Clinton,2014-2015,13985540,8475758,757164,42035,41.23286274,-77.6428376,POINT (-77.6428376 41.23286274)
Venango,2011-2012,17308277,9973394,924299,42121,41.40341259,-79.76286561,POINT (-79.76286561 41.40341259)
Dauphin,2010-2011,76862042,48549858,4040733,42043,40.41974636,-76.77960568,POINT (-76.77960568 40.41974636)
Armstrong,2013-2014,28158781,16651647,1513325,42005,40.81509526,-79.47316899,POINT (-79.47316899 40.81509526)
Montour,2017-2018,6614504,4358858,355280,42093,41.02801824,-76.66470527,POINT (-76.66470527 41.02801824)
Berks,2011-2012,95730824,52978380,5069441,42011,40.41939635,-75.93077327,POINT (-75.93077327 40.41939635)
Cambria,2012-2013,64047175,40285860,3425050,42021,40.49127491,-78.71894174,POINT (-78.71894174 40.49127491)
Wyoming,2012-2013,5641333,3478456,302044,42131,41.51892488,-76.01813003,POINT (-76.01813003 41.51892488)
Indiana,2015-2016,29250936,18211030,1554691,42063,40.65295497,-79.09333493,POINT (-79.09333493 40.65295497)
Montour,2013-2014,7151414,4272032,387140,42093,41.02801824,-76.66470527,POINT (-76.66470527 41.02801824)
Lawrence,2011-2012,35044535,20564612,1863211,42073,40.99325035,-80.33754114,POINT (-80.33754114 40.99325035)
Clearfield,2018-2019,35393925,26299308,1982717,42033,41.000429,-78.47558343,POINT (-78.47558343 41.000429)
Fayette,2012-2013,55623809,36245735,2973904,42051,39.9194478,-79.65189635,POINT (-79.65189635 39.9194478)
Jefferson,2011-2012,14998019,9186046,807279,42065,41.13139091,-79.00101814,POINT (-79.00101814 41.13139091)
Out Of Country,2017-2018,,351,,,,,
Blair,2012-2013,58253608,38939362,3136837,42013,40.48555024,-78.34907687,POINT (-78.34907687 40.48555024)
Lancaster,2011-2012,96441236,55397850,5125006,42071,40.04590796,-76.25138768,POINT (-76.25138768 40.04590796)
Bucks,2016-2017,169456700,108961694,8933562,42017,40.33501133,-75.11291241,POINT (-75.11291241 40.33501133)
Greene,2010-2011,9891431,6126315,521561,42059,39.85480393,-80.22943817,POINT (-80.22943817 39.85480393)
Beaver,2013-2014,50524479,28942353,2672182,42007,40.68349245,-80.35107356,POINT (-80.35107356 40.68349245)
Erie,2010-2011,68800793,42224326,3627751,42049,41.99413787,-80.0407591,POINT (-80.0407591 41.99413787)
Philadelphia,2017-2018,565276467,334823462,29479819,42101,40.00444354,-75.140236,POINT (-75.140236 40.00444354)
Potter,2016-2017,5051148,3264096,269377,42105,41.74420644,-77.89879229,POINT (-77.89879229 41.74420644)
Columbia,2013-2014,22933539,15090498,1247642,42037,41.04912086,-76.4100218,POINT (-76.4100218 41.04912086)
Crawford,2018-2019,27677030,18578697,1697951,42039,41.68546907,-80.11321083,POINT (-80.11321083 41.68546907)
Wayne,2016-2017,16112576,9764637,846757,42127,41.64969805,-75.3051535,POINT (-75.3051535 41.64969805)
Out Of Country,2013-2014,,6541,,,,,
Lancaster,2016-2017,116796455,75917500,6189508,42071,40.04590796,-76.25138768,POINT (-76.25138768 40.04590796)
Mckean,2017-2018,14350890,9945417,781433,42083,41.81037074,-78.5712202,POINT (-78.5712202 41.81037074)
Elk,2014-2015,11723483,7094193,634789,42047,41.42819416,-78.64947713,POINT (-78.64947713 41.42819416)
Fulton,2011-2012,2549726,1252323,135526,42057,39.92487511,-78.11485045,POINT (-78.11485045 39.92487511)
Pike,2018-2019,14934781,12402995,911495,42103,41.332572,-75.03270924,POINT (-75.03270924 41.332572)
Cameron,2017-2018,2719646,1918793,146517,42023,41.43880265,-78.20916932,POINT (-78.20916932 41.43880265)
Forest,2014-2015,2456940,1324339,131687,42053,41.51357876,-79.23780995,POINT (-79.23780995 41.51357876)
Centre,2014-2015,29423279,19181711,1579317,42027,40.9193135,-77.82500112,POINT (-77.82500112 40.9193135)
Somerset,2011-2012,18126841,10636608,960849,42111,39.97146299,-79.03100206,POINT (-79.03100206 39.97146299)
Lehigh,2016-2017,95605715,59839527,5084938,42077,40.61464794,-75.60099481,POINT (-75.60099481 40.61464794)
Warren,2017-2018,15663492,10518761,854923,42123,41.81675237,-79.27858158,POINT (-79.27858158 41.81675237)
Butler,2012-2013,53575476,34515152,2860099,42019,40.91083185,-79.91711779,POINT (-79.91711779 40.91083185)
Luzerne,2013-2014,133314520,83784336,7171196,42079,41.17836439,-75.9919961,POINT (-75.9919961 41.17836439)
Pike,2012-2013,9215342,5228836,483671,42103,41.332572,-75.03270924,POINT (-75.03270924 41.332572)
Westmoreland,2018-2019,171520358,112088904,10153437,42129,40.310315,-79.47134118,POINT (-79.47134118 40.310315)
Clearfield,2012-2013,26360649,17693574,1417404,42033,41.000429,-78.47558343,POINT (-78.47558343 41.000429)
Monroe,2011-2012,42701911,25967543,2244022,42089,41.06091787,-75.34083603,POINT (-75.34083603 41.06091787)
Indiana,2011-2012,21732281,15047552,1166573,42063,40.65295497,-79.09333493,POINT (-79.09333493 40.65295497)
Blair,2017-2018,65946368,45302700,3593515,42013,40.48555024,-78.34907687,POINT (-78.34907687 40.48555024)
Erie,2015-2016,89602725,62189415,4785385,42049,41.99413787,-80.0407591,POINT (-80.0407591 41.99413787)
Jefferson,2015-2016,17542440,11029340,937532,42065,41.13139091,-79.00101814,POINT (-79.00101814 41.13139091)
Out Of State,2012-2013,,9678663,,,,,
Chester,2016-2017,97075039,56987370,5081842,42029,39.97487056,-75.75626498,POINT (-75.75626498 39.97487056)
Monroe,2010-2011,36951944,21268021,1939234,42089,41.06091787,-75.34083603,POINT (-75.34083603 41.06091787)
Butler,2018-2019,69385964,45251954,4140600,42019,40.91083185,-79.91711779,POINT (-79.91711779 40.91083185)
Chester,2017-2018,104171951,62290053,5533267,42029,39.97487056,-75.75626498,POINT (-75.75626498 39.97487056)
Montgomery,2016-2017,206916245,130470116,10864174,42091,40.20989874,-75.37252001,POINT (-75.37252001 40.20989874)
Carbon,2018-2019,30688591,24215508,1779893,42025,40.91936701,-75.71107039,POINT (-75.71107039 40.91936701)
Franklin,2010-2011,23328100,13296344,1237357,42055,39.92786197,-77.72398845,POINT (-77.72398845 39.92786197)
Northampton,2015-2016,81330183,49253834,4298596,42095,40.7545954,-75.31263726,POINT (-75.31263726 40.7545954)
Adams,2011-2012,17572016,10242250,940383,42001,39.87209565,-77.22224271,POINT (-77.22224271 39.87209565)
Greene,2014-2015,12253895,7151576,651690,42059,39.85480393,-80.22943817,POINT (-80.22943817 39.85480393)
Snyder,2012-2013,10107034,6056095,541664,42109,40.77113737,-77.07255968,POINT (-77.07255968 40.77113737)
Sullivan,2015-2016,1542500,832174,81896,42113,41.4480994,-76.5147922,POINT (-76.5147922 41.4480994)
Lackawanna,2016-2017,97476773,62049671,5175051,42069,41.43910064,-75.61218345,POINT (-75.61218345 41.43910064)
Bucks,2013-2014,160478815,93284295,8524179,42017,40.33501133,-75.11291241,POINT (-75.11291241 40.33501133)
Delaware,2018-2019,189815549,119275817,11299054,42045,39.91657867,-75.40627712,POINT (-75.40627712 39.91657867)
Lackawanna,2011-2012,80465270,46846238,4288283,42069,41.43910064,-75.61218345,POINT (-75.61218345 41.43910064)
Jefferson,2014-2015,16874824,12467185,921334,42065,41.13139091,-79.00101814,POINT (-79.00101814 41.13139091)
Fayette,2018-2019,65018583,42532293,3901491,42051,39.9194478,-79.65189635,POINT (-79.65189635 39.9194478)
Out Of State,2013-2014,,7982023,,,,,
Adams,2016-2017,22988408,15233566,1228319,42001,39.87209565,-77.22224271,POINT (-77.22224271 39.87209565)
Franklin,2015-2016,36652246,23495341,1951327,42055,39.92786197,-77.72398845,POINT (-77.72398845 39.92786197)
Blair,2016-2017,65314441,48181568,3512328,42013,40.48555024,-78.34907687,POINT (-78.34907687 40.48555024)
Mercer,2013-2014,37021390,22506499,1971484,42085,41.30237777,-80.26009411,POINT (-80.26009411 41.30237777)
Centre,2010-2011,21728946,14088388,1157612,42027,40.9193135,-77.82500112,POINT (-77.82500112 40.9193135)
Snyder,2018-2019,11469220,7487685,644106,42109,40.77113737,-77.07255968,POINT (-77.07255968 40.77113737)
Northumberland,2017-2018,36562905,25179016,1999743,42097,40.85150926,-76.71188423,POINT (-76.71188423 40.85150926)
Huntingdon,2010-2011,7490961,4771477,401410,42061,40.416105,-77.9827661,POINT (-77.9827661 40.416105)
Sullivan,2017-2018,1508987,832948,81164,42113,41.4480994,-76.5147922,POINT (-76.5147922 41.4480994)
Tioga,2016-2017,13432077,9044793,714176,42117,41.77333834,-77.25788076,POINT (-77.25788076 41.77333834)
Butler,2014-2015,59063144,40013391,3173529,42019,40.91083185,-79.91711779,POINT (-79.91711779 40.91083185)
Delaware,2012-2013,145513899,83914998,7595000,42045,39.91657867,-75.40627712,POINT (-75.40627712 39.91657867)
Mercer,2012-2013,36164356,22306719,1913642,42085,41.30237777,-80.26009411,POINT (-80.26009411 41.30237777)
Erie,2014-2015,81157792,49158927,4332844,42049,41.99413787,-80.0407591,POINT (-80.0407591 41.99413787)
Lycoming,2016-2017,42521667,32609956,2291680,42081,41.34459792,-77.06942457,POINT (-77.06942457 41.34459792)
Susquehanna,2012-2013,14611503,9391493,783105,42115,41.8205686,-75.80250303,POINT (-75.80250303 41.8205686)
Cameron,2012-2013,2193475,2693873,117385,42023,41.43880265,-78.20916932,POINT (-78.20916932 41.43880265)
Lebanon,2011-2012,27171844,16620536,1467304,42075,40.367597,-76.46182575,POINT (-76.46182575 40.367597)
Juniata,2015-2016,5501079,4793397,299682,42067,40.53433008,-77.405775,POINT (-77.405775 40.53433008)
Fulton,2018-2019,3918166,2689312,238097,42057,39.92487511,-78.11485045,POINT (-78.11485045 39.92487511)
Lehigh,2017-2018,102549860,70694654,5481261,42077,40.61464794,-75.60099481,POINT (-75.60099481 40.61464794)
Beaver,2011-2012,44323328,24201644,2322125,42007,40.68349245,-80.35107356,POINT (-80.35107356 40.68349245)
Bedford,2013-2014,9555698,5285389,509812,42009,40.00737536,-78.49116474,POINT (-78.49116474 40.00737536)
Westmoreland,2014-2015,139425003,84694518,7450728,42129,40.310315,-79.47134118,POINT (-79.47134118 40.310315)
Clinton,2017-2018,14334873,9905391,773480,42035,41.23286274,-77.6428376,POINT (-77.6428376 41.23286274)
Venango,2012-2013,17981211,10673046,962138,42121,41.40341259,-79.76286561,POINT (-79.76286561 41.40341259)
Mifflin,2015-2016,15689668,10020730,840054,42087,40.61274928,-77.62003089,POINT (-77.62003089 40.61274928)
Juniata,2010-2011,3698314,2194509,198571,42067,40.53433008,-77.405775,POINT (-77.405775 40.53433008)
Bradford,2017-2018,21738305,14468506,1175146,42015,41.79117814,-76.51825624,POINT (-76.51825624 41.79117814)
Northampton,2011-2012,68061711,38685382,3595059,42095,40.7545954,-75.31263726,POINT (-75.31263726 40.7545954)
Dauphin,2012-2013,88906685,53064700,4719496,42043,40.41974636,-76.77960568,POINT (-76.77960568 40.41974636)
Montgomery,2013-2014,188940167,116605397,10008926,42091,40.20989874,-75.37252001,POINT (-75.37252001 40.20989874)
Northampton,2016-2017,77945888,53291452,4138131,42095,40.7545954,-75.31263726,POINT (-75.31263726 40.7545954)
Huntingdon,2015-2016,13783899,9133148,736601,42061,40.416105,-77.9827661,POINT (-77.9827661 40.416105)
Armstrong,2012-2013,27547497,16889530,1473391,42005,40.81509526,-79.47316899,POINT (-79.47316899 40.81509526)
Clarion,2013-2014,12245399,7521696,663327,42031,41.19279129,-79.42483608,POINT (-79.42483608 41.19279129)
Columbia,2012-2013,21849661,15363375,1178613,42037,41.04912086,-76.4100218,POINT (-76.4100218 41.04912086)
Beaver,2016-2017,53533633,35460570,2835442,42007,40.68349245,-80.35107356,POINT (-80.35107356 40.68349245)
Cambria,2013-2014,65129400,48319271,3504466,42021,40.49127491,-78.71894174,POINT (-78.71894174 40.49127491)
Perry,2018-2019,13798790,9101131,785687,42099,40.40415317,-77.25907385,POINT (-77.25907385 40.40415317)
Fayette,2014-2015,55382080,35787783,2965247,42051,39.9194478,-79.65189635,POINT (-79.65189635 39.9194478)
Venango,2018-2019,19821007,13544950,1141579,42121,41.40341259,-79.76286561,POINT (-79.76286561 41.40341259)
Pike,2017-2018,13709444,8277272,725076,42103,41.332572,-75.03270924,POINT (-75.03270924 41.332572)
Fulton,2010-2011,2303545,1224867,122364,42057,39.92487511,-78.11485045,POINT (-78.11485045 39.92487511)
Dauphin,2018-2019,110614299,69702296,6473427,42043,40.41974636,-76.77960568,POINT (-76.77960568 40.41974636)
Lycoming,2011-2012,39854243,24295440,2141010,42081,41.34459792,-77.06942457,POINT (-77.06942457 41.34459792)
Bradford,2013-2014,19350056,12047973,1038243,42015,41.79117814,-76.51825624,POINT (-76.51825624 41.79117814)
Northumberland,2012-2013,33738673,21257515,1806773,42097,40.85150926,-76.71188423,POINT (-76.71188423 40.85150926)
Cambria,2017-2018,70243937,48587704,3801994,42021,40.49127491,-78.71894174,POINT (-78.71894174 40.49127491)
Lawrence,2015-2016,35679855,22572102,1893308,42073,40.99325035,-80.33754114,POINT (-80.33754114 40.99325035)
Washington,2017-2018,67131951,40626044,3584642,42125,40.19109663,-80.25180083,POINT (-80.25180083 40.19109663)
Sullivan,2010-2011,1671145,998694,89396,42113,41.4480994,-76.5147922,POINT (-76.5147922 41.4480994)
Perry,2013-2014,11640233,6691200,624780,42099,40.40415317,-77.25907385,POINT (-77.25907385 40.40415317)
Potter,2017-2018,5307262,3594760,284025,42105,41.74420644,-77.89879229,POINT (-77.89879229 41.74420644)
Union,2013-2014,8485410,7334170,467926,42119,40.96473131,-77.06415803,POINT (-77.06415803 40.96473131)
Out Of State,2016-2017,,7978314,,,,,
Lawrence,2010-2011,33546404,19825310,1772617,42073,40.99325035,-80.33754114,POINT (-80.33754114 40.99325035)
Indiana,2016-2017,28317989,19100822,1524028,42063,40.65295497,-79.09333493,POINT (-79.09333493 40.65295497)
Erie,2018-2019,101878764,70154117,6215445,42049,41.99413787,-80.0407591,POINT (-80.0407591 41.99413787)
Somerset,2016-2017,22593026,19223070,1206916,42111,39.97146299,-79.03100206,POINT (-79.03100206 39.97146299)
Washington,2013-2014,62084229,41100768,3308855,42125,40.19109663,-80.25180083,POINT (-80.25180083 40.19109663)
Lancaster,2013-2014,107991239,65935252,5792132,42071,40.04590796,-76.25138768,POINT (-76.25138768 40.04590796)
Clinton,2012-2013,13146525,8603302,711514,42035,41.23286274,-77.6428376,POINT (-77.6428376 41.23286274)
York,2012-2013,114663100,74284477,6152096,42133,39.92192531,-76.72576052,POINT (-76.72576052 39.92192531)
Monroe,2017-2018,52131510,30383106,2744671,42089,41.06091787,-75.34083603,POINT (-75.34083603 41.06091787)
Allegheny,2010-2011,363008889,214465554,18958181,42003,40.46735543,-79.98619843,POINT (-79.98619843 40.46735543)
Cumberland,2018-2019,78958120,51228239,4706292,42041,40.16759839,-77.26866271,POINT (-77.26866271 40.16759839)
Mifflin,2011-2012,13955854,8517240,749199,42087,40.61274928,-77.62003089,POINT (-77.62003089 40.61274928)
Berks,2018-2019,126889451,83621865,7336131,42011,40.41939635,-75.93077327,POINT (-75.93077327 40.41939635)
Luzerne,2015-2016,142831927,88645991,7594133,42079,41.17836439,-75.9919961,POINT (-75.9919961 41.17836439)
Columbia,2017-2018,24484969,18388678,1339535,42037,41.04912086,-76.4100218,POINT (-76.4100218 41.04912086)
Wayne,2018-2019,17896362,11937546,1088089,42127,41.64969805,-75.3051535,POINT (-75.3051535 41.64969805)
Clarion,2016-2017,12693125,8135933,679462,42031,41.19279129,-79.42483608,POINT (-79.42483608 41.19279129)
Wyoming,2017-2018,8099745,5728284,438676,42131,41.51892488,-76.01813003,POINT (-76.01813003 41.51892488)
Montour,2016-2017,6606641,6032794,357936,42093,41.02801824,-76.66470527,POINT (-76.66470527 41.02801824)
Schuylkill,2014-2015,66796827,44267690,3591194,42107,40.70751243,-76.22332385,POINT (-76.22332385 40.70751243)
Carbon,2011-2012,21418978,12308402,1136902,42025,40.91936701,-75.71107039,POINT (-75.71107039 40.91936701)
Lawrence,2014-2015,37341313,23519855,1999532,42073,40.99325035,-80.33754114,POINT (-80.33754114 40.99325035)
Philadelphia,2012-2013,525458222,290217054,27204243,42101,40.00444354,-75.140236,POINT (-75.140236 40.00444354)
Fulton,2014-2015,2833187,1553649,151812,42057,39.92487511,-78.11485045,POINT (-78.11485045 39.92487511)
Potter,2013-2014,5106213,3219315,273300,42105,41.74420644,-77.89879229,POINT (-77.89879229 41.74420644)
Centre,2017-2018,28603983,19703758,1542205,42027,40.9193135,-77.82500112,POINT (-77.82500112 40.9193135)
Fayette,2010-2011,50126579,33014269,2647819,42051,39.9194478,-79.65189635,POINT (-79.65189635 39.9194478)
Lebanon,2016-2017,31146491,20455321,1665166,42075,40.367597,-76.46182575,POINT (-76.46182575 40.367597)
Bucks,2015-2016,176931909,105292629,9288623,42017,40.33501133,-75.11291241,POINT (-75.11291241 40.33501133)
Union,2015-2016,11100416,7758395,594783,42119,40.96473131,-77.06415803,POINT (-77.06415803 40.96473131)
Dauphin,2014-2015,92833368,55091737,4929401,42043,40.41974636,-76.77960568,POINT (-76.77960568 40.41974636)
Susquehanna,2016-2017,14258728,9213720,761298,42115,41.8205686,-75.80250303,POINT (-75.80250303 41.8205686)
Philadelphia,2018-2019,612173911,365662036,36793520,42101,40.00444354,-75.140236,POINT (-75.140236 40.00444354)
Sullivan,2014-2015,1577060,853028,84138,42113,41.4480994,-76.5147922,POINT (-76.5147922 41.4480994)
Potter,2012-2013,5154714,3224089,275777,42105,41.74420644,-77.89879229,POINT (-77.89879229 41.74420644)
Wayne,2015-2016,17088199,10123589,900467,42127,41.64969805,-75.3051535,POINT (-75.3051535 41.64969805)
Tioga,2017-2018,14325583,10652843,776361,42117,41.77333834,-77.25788076,POINT (-77.25788076 41.77333834)
Elk,2015-2016,12106289,7475708,646787,42047,41.42819416,-78.64947713,POINT (-78.64947713 41.42819416)
Cambria,2016-2017,69731516,48281643,3733916,42021,40.49127491,-78.71894174,POINT (-78.71894174 40.49127491)
Mifflin,2016-2017,16024129,11449978,864722,42087,40.61274928,-77.62003089,POINT (-77.62003089 40.61274928)
Somerset,2013-2014,19769296,11859328,1058379,42111,39.97146299,-79.03100206,POINT (-79.03100206 39.97146299)
Out Of State,2017-2018,,8322487,,,,,
Crawford,2013-2014,19108600,11183944,1024037,42039,41.68546907,-80.11321083,POINT (-80.11321083 41.68546907)
Allegheny,2014-2015,401465777,326974599,21330936,42003,40.46735543,-79.98619843,POINT (-79.98619843 40.46735543)
Chester,2012-2013,91239587,50093745,4791179,42029,39.97487056,-75.75626498,POINT (-75.75626498 39.97487056)
Warren,2013-2014,19043074,12029641,1026046,42123,41.81675237,-79.27858158,POINT (-79.27858158 41.81675237)
Bedford,2015-2016,12597627,8876499,666923,42009,40.00737536,-78.49116474,POINT (-78.49116474 40.00737536)
Mckean,2013-2014,12041375,7410040,651269,42083,41.81037074,-78.5712202,POINT (-78.5712202 41.81037074)
Schuylkill,2018-2019,74215731,52581240,4350353,42107,40.70751243,-76.22332385,POINT (-76.22332385 40.70751243)
Wyoming,2013-2014,6020997,3475722,324062,42131,41.51892488,-76.01813003,POINT (-76.01813003 41.51892488)
Chester,2018-2019,106500963,61578447,6232564,42029,39.97487056,-75.75626498,POINT (-75.75626498 39.97487056)
Bucks,2011-2012,140610310,86929204,7401273,42017,40.33501133,-75.11291241,POINT (-75.11291241 40.33501133)
Chester,2013-2014,93349229,51501954,4930063,42029,39.97487056,-75.75626498,POINT (-75.75626498 39.97487056)
Lehigh,2011-2012,76551776,39763836,4027363,42077,40.61464794,-75.60099481,POINT (-75.60099481 40.61464794)
Forest,2012-2013,2556198,1386476,136046,42053,41.51357876,-79.23780995,POINT (-79.23780995 41.51357876)
Cameron,2016-2017,2331246,1811428,130129,42023,41.43880265,-78.20916932,POINT (-78.20916932 41.43880265)
Franklin,2011-2012,26722105,16274745,1425883,42055,39.92786197,-77.72398845,POINT (-77.72398845 39.92786197)
Adams,2013-2014,18917770,10714499,1013308,42001,39.87209565,-77.22224271,POINT (-77.22224271 39.87209565)
Greene,2015-2016,12195465,7422515,649125,42059,39.85480393,-80.22943817,POINT (-80.22943817 39.85480393)
Lycoming,2010-2011,33766522,23701454,1808292,42081,41.34459792,-77.06942457,POINT (-77.06942457 41.34459792)
Delaware,2017-2018,170222480,109156986,8942697,42045,39.91657867,-75.40627712,POINT (-75.40627712 39.91657867)
Snyder,2014-2015,10187414,5980874,555865,42109,40.77113737,-77.07255968,POINT (-77.07255968 40.77113737)
Lackawanna,2015-2016,100556002,62961151,5341293,42069,41.43910064,-75.61218345,POINT (-75.61218345 41.43910064)
Tioga,2011-2012,15775465,9853207,842057,42117,41.77333834,-77.25788076,POINT (-77.25788076 41.77333834)
Monroe,2013-2014,45552175,29145442,2410733,42089,41.06091787,-75.34083603,POINT (-75.34083603 41.06091787)
Venango,2010-2011,16192162,10079293,861024,42121,41.40341259,-79.76286561,POINT (-79.76286561 41.40341259)
Sullivan,2018-2019,1679915,1048138,97913,42113,41.4480994,-76.5147922,POINT (-76.5147922 41.4480994)
Wayne,2011-2012,15985014,8981727,844046,42127,41.64969805,-75.3051535,POINT (-75.3051535 41.64969805)
Juniata,2011-2012,4078377,2273505,219724,42067,40.53433008,-77.405775,POINT (-77.405775 40.53433008)
Montgomery,2017-2018,220819908,137035736,11672957,42091,40.20989874,-75.37252001,POINT (-75.37252001 40.20989874)
York,2016-2017,121732162,82842356,6492326,42133,39.92192531,-76.72576052,POINT (-76.72576052 39.92192531)
Northampton,2013-2014,73544879,46506196,3954761,42095,40.7545954,-75.31263726,POINT (-75.31263726 40.7545954)
Somerset,2010-2011,16483102,11523489,879859,42111,39.97146299,-79.03100206,POINT (-79.03100206 39.97146299)
Northampton,2017-2018,82188993,52756199,4387705,42095,40.7545954,-75.31263726,POINT (-75.31263726 40.7545954)
Columbia,2014-2015,23124502,17770906,1259235,42037,41.04912086,-76.4100218,POINT (-76.4100218 41.04912086)
Beaver,2015-2016,55284766,32371041,2917821,42007,40.68349245,-80.35107356,POINT (-80.35107356 40.68349245)
Beaver,2017-2018,57788520,36294272,3077411,42007,40.68349245,-80.35107356,POINT (-80.35107356 40.68349245)
Clearfield,2014-2015,29375037,20048237,1596263,42033,41.000429,-78.47558343,POINT (-78.47558343 41.000429)
Greene,2012-2013,11565328,7320794,616212,42059,39.85480393,-80.22943817,POINT (-80.22943817 39.85480393)
Berks,2010-2011,86388052,49496679,4547729,42011,40.41939635,-75.93077327,POINT (-75.93077327 40.41939635)
Clinton,2018-2019,14602290,9532483,808477,42035,41.23286274,-77.6428376,POINT (-77.6428376 41.23286274)
Indiana,2010-2011,20839503,13184293,1107688,42063,40.65295497,-79.09333493,POINT (-79.09333493 40.65295497)
Bradford,2011-2012,18411964,11029718,984096,42015,41.79117814,-76.51825624,POINT (-76.51825624 41.79117814)
Warren,2016-2017,14701154,10174346,783883,42123,41.81675237,-79.27858158,POINT (-79.27858158 41.81675237)
Cumberland,2010-2011,51498046,34011740,2736418,42041,40.16759839,-77.26866271,POINT (-77.26866271 40.16759839)
Jefferson,2018-2019,16122857,11170231,927284,42065,41.13139091,-79.00101814,POINT (-79.00101814 41.13139091)
Allegheny,2018-2019,470954051,298254719,27834631,42003,40.46735543,-79.98619843,POINT (-79.98619843 40.46735543)
Out Of Country,2012-2013,,26775,,,,,
Clearfield,2015-2016,32331587,20891428,1724917,42033,41.000429,-78.47558343,POINT (-78.47558343 41.000429)
Mckean,2016-2017,13668976,10696273,732613,42083,41.81037074,-78.5712202,POINT (-78.5712202 41.81037074)
Westmoreland,2017-2018,153983257,104076314,8291126,42129,40.310315,-79.47134118,POINT (-79.47134118 40.310315)
Washington,2018-2019,70833866,44122719,4272003,42125,40.19109663,-80.25180083,POINT (-80.25180083 40.19109663)
Venango,2014-2015,18707195,11022056,1008843,42121,41.40341259,-79.76286561,POINT (-79.76286561 41.40341259)
Crawford,2015-2016,25220266,15485897,1335905,42039,41.68546907,-80.11321083,POINT (-80.11321083 41.68546907)
Northampton,2010-2011,62844339,38768124,3322438,42095,40.7545954,-75.31263726,POINT (-75.31263726 40.7545954)
Dauphin,2013-2014,91741002,56745018,4870548,42043,40.41974636,-76.77960568,POINT (-76.77960568 40.41974636)
Monroe,2016-2017,50141078,29698725,2633907,42089,41.06091787,-75.34083603,POINT (-75.34083603 41.06091787)
Armstrong,2014-2015,28244520,17595275,1514881,42005,40.81509526,-79.47316899,POINT (-79.47316899 40.81509526)
Bedford,2018-2019,12395759,7957289,666083,42009,40.00737536,-78.49116474,POINT (-78.49116474 40.00737536)
Indiana,2017-2018,29655489,21179568,1604115,42063,40.65295497,-79.09333493,POINT (-79.09333493 40.65295497)
Washington,2011-2012,56990181,31219253,3002257,42125,40.19109663,-80.25180083,POINT (-80.25180083 40.19109663)
Washington,2012-2013,61839571,35686378,3267494,42125,40.19109663,-80.25180083,POINT (-80.25180083 40.19109663)
Jefferson,2012-2013,15482638,9720675,837712,42065,41.13139091,-79.00101814,POINT (-79.00101814 41.13139091)
Blair,2015-2016,67507737,44728108,3606883,42013,40.48555024,-78.34907687,POINT (-78.34907687 40.48555024)
Centre,2011-2012,24468438,16077352,1313269,42027,40.9193135,-77.82500112,POINT (-77.82500112 40.9193135)
Indiana,2013-2014,24915417,14776629,1342186,42063,40.65295497,-79.09333493,POINT (-79.09333493 40.65295497)
Delaware,2016-2017,162651106,97362778,8463278,42045,39.91657867,-75.40627712,POINT (-75.40627712 39.91657867)
Tioga,2015-2016,13689412,10239133,735701,42117,41.77333834,-77.25788076,POINT (-77.25788076 41.77333834)
Fulton,2017-2018,3323040,2154137,177878,42057,39.92487511,-78.11485045,POINT (-78.11485045 39.92487511)
Beaver,2010-2011,41752867,23892353,2172278,42007,40.68349245,-80.35107356,POINT (-80.35107356 40.68349245)
Montgomery,2018-2019,240494560,150242606,14261233,42091,40.20989874,-75.37252001,POINT (-75.37252001 40.20989874)
Bradford,2018-2019,23657048,15438883,1404990,42015,41.79117814,-76.51825624,POINT (-76.51825624 41.79117814)
Mifflin,2014-2015,17301937,11723572,936017,42087,40.61274928,-77.62003089,POINT (-77.62003089 40.61274928)
Allegheny,2012-2013,396095105,231330100,20846091,42003,40.46735543,-79.98619843,POINT (-79.98619843 40.46735543)
Out Of Country,2014-2015,,2981,,,,,
Mercer,2014-2015,38157998,27971712,2039571,42085,41.30237777,-80.26009411,POINT (-80.26009411 41.30237777)
Blair,2010-2011,49465411,32069191,2646881,42013,40.48555024,-78.34907687,POINT (-78.34907687 40.48555024)
Warren,2015-2016,15419817,9998357,823846,42123,41.81675237,-79.27858158,POINT (-79.27858158 41.81675237)
Lackawanna,2017-2018,99587955,66116113,5346321,42069,41.43910064,-75.61218345,POINT (-75.61218345 41.43910064)
Wyoming,2018-2019,11960032,7717676,721518,42131,41.51892488,-76.01813003,POINT (-76.01813003 41.51892488)
Clearfield,2010-2011,23452562,15896949,1256691,42033,41.000429,-78.47558343,POINT (-78.47558343 41.000429)
Lycoming,2017-2018,41597499,28338065,2251833,42081,41.34459792,-77.06942457,POINT (-77.06942457 41.34459792)
Schuylkill,2012-2013,63518264,40631184,3394283,42107,40.70751243,-76.22332385,POINT (-76.22332385 40.70751243)
Berks,2014-2015,112860318,70094675,6023507,42011,40.41939635,-75.93077327,POINT (-75.93077327 40.41939635)
Perry,2017-2018,13465485,8808628,724024,42099,40.40415317,-77.25907385,POINT (-77.25907385 40.40415317)
Lebanon,2013-2014,29776005,18137889,1616780,42075,40.367597,-76.46182575,POINT (-76.46182575 40.367597)
Forest,2013-2014,2532432,1363648,134122,42053,41.51357876,-79.23780995,POINT (-79.23780995 41.51357876)
Cumberland,2011-2012,57319111,31714227,3045388,42041,40.16759839,-77.26866271,POINT (-77.26866271 40.16759839)
Lehigh,2018-2019,106621446,66230959,6308809,42077,40.61464794,-75.60099481,POINT (-75.60099481 40.61464794)
Tioga,2010-2011,13072128,8232995,701692,42117,41.77333834,-77.25788076,POINT (-77.25788076 41.77333834)
Butler,2015-2016,66359017,41363974,3537236,42019,40.91083185,-79.91711779,POINT (-79.91711779 40.91083185)
Clinton,2016-2017,14661235,9527019,787374,42035,41.23286274,-77.6428376,POINT (-77.6428376 41.23286274)
Wyoming,2011-2012,4965317,2890671,265003,42131,41.51892488,-76.01813003,POINT (-76.01813003 41.51892488)
Cumberland,2017-2018,70560658,46981003,3809859,42041,40.16759839,-77.26866271,POINT (-77.26866271 40.16759839)
Montgomery,2011-2012,167521471,105619077,8775686,42091,40.20989874,-75.37252001,POINT (-75.37252001 40.20989874)
Crawford,2011-2012,18361449,10407714,967655,42039,41.68546907,-80.11321083,POINT (-80.11321083 41.68546907)
Carbon,2015-2016,26314925,17757353,1399364,42025,40.91936701,-75.71107039,POINT (-75.71107039 40.91936701)
Erie,2012-2013,79117294,49698204,4219310,42049,41.99413787,-80.0407591,POINT (-80.0407591 41.99413787)
Huntingdon,2014-2015,9824291,6494968,526917,42061,40.416105,-77.9827661,POINT (-77.9827661 40.416105)
Montour,2015-2016,6835729,4148662,363856,42093,41.02801824,-76.66470527,POINT (-76.66470527 41.02801824)
Butler,2010-2011,45557399,27135789,2418285,42019,40.91083185,-79.91711779,POINT (-79.91711779 40.91083185)
Mckean,2018-2019,15715534,10523568,939737,42083,41.81037074,-78.5712202,POINT (-78.5712202 41.81037074)
Fayette,2015-2016,57550248,36001267,3058641,42051,39.9194478,-79.65189635,POINT (-79.65189635 39.9194478)
Lycoming,2013-2014,42920741,26381963,2316437,42081,41.34459792,-77.06942457,POINT (-77.06942457 41.34459792)
Out Of State,2011-2012,,31945156,,,,,
Bucks,2014-2015,156267286,89289740,8272446,42017,40.33501133,-75.11291241,POINT (-75.11291241 40.33501133)
Warren,2010-2011,14768848,9301484,786746,42123,41.81675237,-79.27858158,POINT (-79.27858158 41.81675237)
Adams,2017-2018,23338844,14705489,1256350,42001,39.87209565,-77.22224271,POINT (-77.22224271 39.87209565)
Franklin,2013-2014,30761558,18739974,1649914,42055,39.92786197,-77.72398845,POINT (-77.72398845 39.92786197)
Lancaster,2012-2013,102980555,67913714,5510250,42071,40.04590796,-76.25138768,POINT (-76.25138768 40.04590796)
Snyder,2015-2016,12435503,7778827,661448,42109,40.77113737,-77.07255968,POINT (-77.07255968 40.77113737)
Bedford,2012-2013,9477542,5406353,504446,42009,40.00737536,-78.49116474,POINT (-78.49116474 40.00737536)
Northumberland,2013-2014,33862026,19849847,1824514,42097,40.85150926,-76.71188423,POINT (-76.71188423 40.85150926)
Cambria,2018-2019,71647075,47822487,4076994,42021,40.49127491,-78.71894174,POINT (-78.71894174 40.49127491)
York,2014-2015,119986580,75495477,6450037,42133,39.92192531,-76.72576052,POINT (-76.72576052 39.92192531)
Juniata,2016-2017,5548545,4186365,297309,42067,40.53433008,-77.405775,POINT (-77.405775 40.53433008)
Huntingdon,2011-2012,8467199,5137264,454154,42061,40.416105,-77.9827661,POINT (-77.9827661 40.416105)
Elk,2011-2012,10932641,7288889,589006,42047,41.42819416,-78.64947713,POINT (-78.64947713 41.42819416)
Westmoreland,2015-2016,148491267,97073522,7874211,42129,40.310315,-79.47134118,POINT (-79.47134118 40.310315)
Pike,2010-2011,7947489,4567526,415842,42103,41.332572,-75.03270924,POINT (-75.03270924 41.332572)
Mifflin,2010-2011,12679153,7983150,677592,42087,40.61274928,-77.62003089,POINT (-77.62003089 40.61274928)
Potter,2018-2019,5417760,3531464,313412,42105,41.74420644,-77.89879229,POINT (-77.89879229 41.74420644)
Lehigh,2012-2013,81733403,55648211,4363149,42077,40.61464794,-75.60099481,POINT (-75.60099481 40.61464794)
Union,2012-2013,7900562,4891744,425348,42119,40.96473131,-77.06415803,POINT (-77.06415803 40.96473131)
Susquehanna,2014-2015,15769332,9452151,847696,42115,41.8205686,-75.80250303,POINT (-75.80250303 41.8205686)
Cameron,2014-2015,2119130,1286896,113535,42023,41.43880265,-78.20916932,POINT (-78.20916932 41.43880265)
Wyoming,2016-2017,7635720,4839905,407820,42131,41.51892488,-76.01813003,POINT (-76.01813003 41.51892488)
Lancaster,2018-2019,137055342,91140068,8117342,42071,40.04590796,-76.25138768,POINT (-76.25138768 40.04590796)
Westmoreland,2010-2011,119261760,72435161,6277644,42129,40.310315,-79.47134118,POINT (-79.47134118 40.310315)
Clarion,2015-2016,13417844,11090120,729334,42031,41.19279129,-79.42483608,POINT (-79.42483608 41.19279129)
Elk,2016-2017,12058640,9568216,654459,42047,41.42819416,-78.64947713,POINT (-78.64947713 41.42819416)
Cambria,2011-2012,62298119,36898936,3312410,42021,40.49127491,-78.71894174,POINT (-78.71894174 40.49127491)
Pike,2016-2017,12672346,7370783,663035,42103,41.332572,-75.03270924,POINT (-75.03270924 41.332572)
Somerset,2017-2018,24238844,19473131,1323646,42111,39.97146299,-79.03100206,POINT (-79.03100206 39.97146299)
Bradford,2012-2013,19178060,12100755,1027007,42015,41.79117814,-76.51825624,POINT (-76.51825624 41.79117814)
Forest,2016-2017,2164285,1334363,114882,42053,41.51357876,-79.23780995,POINT (-79.23780995 41.51357876)
Franklin,2018-2019,43730919,28096910,2605058,42055,39.92786197,-77.72398845,POINT (-77.72398845 39.92786197)
Clinton,2013-2014,14117076,8686227,776271,42035,41.23286274,-77.6428376,POINT (-77.6428376 41.23286274)
Delaware,2010-2011,125456591,72293476,6476681,42045,39.91657867,-75.40627712,POINT (-75.40627712 39.91657867)
Carbon,2010-2011,19046098,12828809,1012649,42025,40.91936701,-75.71107039,POINT (-75.71107039 40.91936701)
Lawrence,2016-2017,33252014,21322502,1766447,42073,40.99325035,-80.33754114,POINT (-80.33754114 40.99325035)
Perry,2012-2013,11431151,6939111,610079,42099,40.40415317,-77.25907385,POINT (-77.25907385 40.40415317)
Somerset,2018-2019,26805648,17660733,1582622,42111,39.97146299,-79.03100206,POINT (-79.03100206 39.97146299)
Chester,2014-2015,95756359,53382974,5048413,42029,39.97487056,-75.75626498,POINT (-75.75626498 39.97487056)
Monroe,2012-2013,45464174,25033279,2384233,42089,41.06091787,-75.34083603,POINT (-75.34083603 41.06091787)
Huntingdon,2018-2019,16183240,11363774,976228,42061,40.416105,-77.9827661,POINT (-77.9827661 40.416105)
Out Of State,2015-2016,,106915347,,,,,
Erie,2017-2018,92806444,60415278,4956494,42049,41.99413787,-80.0407591,POINT (-80.0407591 41.99413787)
Wyoming,2015-2016,7443737,4676677,395587,42131,41.51892488,-76.01813003,POINT (-76.01813003 41.51892488)
Mifflin,2017-2018,16317686,11803681,889801,42087,40.61274928,-77.62003089,POINT (-77.62003089 40.61274928)
Lackawanna,2010-2011,72327433,43831513,3832827,42069,41.43910064,-75.61218345,POINT (-75.61218345 41.43910064)
Clarion,2010-2011,10051148,6530871,537785,42031,41.19279129,-79.42483608,POINT (-79.42483608 41.19279129)
Venango,2015-2016,18872554,12944108,1012627,42121,41.40341259,-79.76286561,POINT (-79.76286561 41.40341259)
Juniata,2013-2014,4778630,3224956,260719,42067,40.53433008,-77.405775,POINT (-77.405775 40.53433008)
Fayette,2011-2012,53345193,31568158,2831433,42051,39.9194478,-79.65189635,POINT (-79.65189635 39.9194478)
Adams,2012-2013,18258728,11598030,977397,42001,39.87209565,-77.22224271,POINT (-77.22224271 39.87209565)
Greene,2016-2017,11186316,6916819,593500,42059,39.85480393,-80.22943817,POINT (-80.22943817 39.85480393)
Snyder,2011-2012,9931045,5672140,533825,42109,40.77113737,-77.07255968,POINT (-77.07255968 40.77113737)
Northumberland,2016-2017,36979631,25067490,1970378,42097,40.85150926,-76.71188423,POINT (-76.71188423 40.85150926)
Northampton,2018-2019,90634836,56434036,5377548,42095,40.7545954,-75.31263726,POINT (-75.31263726 40.7545954)
Forest,2017-2018,2214362,1256944,117863,42053,41.51357876,-79.23780995,POINT (-79.23780995 41.51357876)
Bucks,2018-2019,199314034,124794408,11845953,42017,40.33501133,-75.11291241,POINT (-75.11291241 40.33501133)
Columbia,2015-2016,24740404,14983957,1323220,42037,41.04912086,-76.4100218,POINT (-76.4100218 41.04912086)
Beaver,2018-2019,64321896,40673873,3923409,42007,40.68349245,-80.35107356,POINT (-80.35107356 40.68349245)
Philadelphia,2015-2016,553611531,310916093,28649325,42101,40.00444354,-75.140236,POINT (-75.140236 40.00444354)
Potter,2014-2015,5080414,3097689,272998,42105,41.74420644,-77.89879229,POINT (-77.89879229 41.74420644)
Northampton,2012-2013,72242354,40956054,3835786,42095,40.7545954,-75.31263726,POINT (-75.31263726 40.7545954)
Wayne,2014-2015,18396293,10421463,979256,42127,41.64969805,-75.3051535,POINT (-75.3051535 41.64969805)
Columbia,2010-2011,18157175,12572517,976378,42037,41.04912086,-76.4100218,POINT (-76.4100218 41.04912086)
Susquehanna,2010-2011,11677924,7154245,621366,42115,41.8205686,-75.80250303,POINT (-75.80250303 41.8205686)
Tioga,2018-2019,13357897,8850030,748210,42117,41.77333834,-77.25788076,POINT (-77.25788076 41.77333834)
Mckean,2015-2016,13744298,9507389,745238,42083,41.81037074,-78.5712202,POINT (-78.5712202 41.81037074)
Fulton,2012-2013,2512106,1413934,133483,42057,39.92487511,-78.11485045,POINT (-78.11485045 39.92487511)
Elk,2013-2014,11597011,7810077,629436,42047,41.42819416,-78.64947713,POINT (-78.64947713 41.42819416)
Potter,2011-2012,5094105,3044405,272703,42105,41.74420644,-77.89879229,POINT (-77.89879229 41.74420644)
Carbon,2014-2015,22486049,13207486,1197616,42025,40.91936701,-75.71107039,POINT (-75.71107039 40.91936701)
York,2015-2016,127767971,81286717,6794392,42133,39.92192531,-76.72576052,POINT (-76.72576052 39.92192531)
Somerset,2012-2013,19682635,12865848,1057188,42111,39.97146299,-79.03100206,POINT (-79.03100206 39.97146299)
Lehigh,2010-2011,71554337,42188036,3762569,42077,40.61464794,-75.60099481,POINT (-75.60099481 40.61464794)
Centre,2016-2017,28064687,20321211,1490008,42027,40.9193135,-77.82500112,POINT (-77.82500112 40.9193135)
Luzerne,2014-2015,132870884,87148724,7136061,42079,41.17836439,-75.9919961,POINT (-75.9919961 41.17836439)
Union,2014-2015,9687034,7458118,527626,42119,40.96473131,-77.06415803,POINT (-77.06415803 40.96473131)
Out Of State,2018-2019,,15081666,,,,,
Dauphin,2015-2016,102387746,62498857,5405834,42043,40.41974636,-76.77960568,POINT (-76.77960568 40.41974636)
Clearfield,2011-2012,24917148,15470801,1342811,42033,41.000429,-78.47558343,POINT (-78.47558343 41.000429)
Berks,2012-2013,103869069,62686489,5541405,42011,40.41939635,-75.93077327,POINT (-75.93077327 40.41939635)
Sullivan,2012-2013,1688366,899569,89092,42113,41.4480994,-76.5147922,POINT (-76.5147922 41.4480994)
Union,2018-2019,11383937,9684629,672835,42119,40.96473131,-77.06415803,POINT (-77.06415803 40.96473131)
Washington,2014-2015,60818754,33788508,3221932,42125,40.19109663,-80.25180083,POINT (-80.25180083 40.19109663)
Bradford,2010-2011,16607935,12420262,890553,42015,41.79117814,-76.51825624,POINT (-76.51825624 41.79117814)
Jefferson,2017-2018,15849600,10605070,859525,42065,41.13139091,-79.00101814,POINT (-79.00101814 41.13139091)
Armstrong,2010-2011,24440730,16111756,1293988,42005,40.81509526,-79.47316899,POINT (-79.47316899 40.81509526)
Indiana,2012-2013,24239417,15211580,1300286,42063,40.65295497,-79.09333493,POINT (-79.09333493 40.65295497)
Clearfield,2016-2017,33324576,26189379,1794171,42033,41.000429,-78.47558343,POINT (-78.47558343 41.000429)
Montour,2010-2011,5671709,3524170,302302,42093,41.02801824,-76.66470527,POINT (-76.66470527 41.02801824)
Cambria,2015-2016,70094159,46959709,3737699,42021,40.49127491,-78.71894174,POINT (-78.71894174 40.49127491)
Lawrence,2012-2013,36780189,22712117,1963625,42073,40.99325035,-80.33754114,POINT (-80.33754114 40.99325035)
Montgomery,2014-2015,190224025,114047084,10073000,42091,40.20989874,-75.37252001,POINT (-75.37252001 40.20989874)
Greene,2013-2014,11555313,6564858,641190,42059,39.85480393,-80.22943817,POINT (-80.22943817 39.85480393)
Lackawanna,2014-2015,95580737,59422237,5128659,42069,41.43910064,-75.61218345,POINT (-75.61218345 41.43910064)
Berks,2015-2016,122788752,78304522,6510340,42011,40.41939635,-75.93077327,POINT (-75.93077327 40.41939635)
Bradford,2014-2015,19689065,12107578,1054972,42015,41.79117814,-76.51825624,POINT (-76.51825624 41.79117814)
Delaware,2011-2012,133670945,85611258,6958038,42045,39.91657867,-75.40627712,POINT (-75.40627712 39.91657867)
Crawford,2016-2017,24277134,15316919,1286760,42039,41.68546907,-80.11321083,POINT (-80.11321083 41.68546907)
Cumberland,2013-2014,64214300,43150832,3464390,42041,40.16759839,-77.26866271,POINT (-77.26866271 40.16759839)
Lawrence,2017-2018,33064864,21574746,1781505,42073,40.99325035,-80.33754114,POINT (-80.33754114 40.99325035)
Out Of Country,2010-2011,,603,,,,,
Allegheny,2017-2018,436151860,271549148,23160769,42003,40.46735543,-79.98619843,POINT (-79.98619843 40.46735543)
Wayne,2010-2011,13999860,7954833,742062,42127,41.64969805,-75.3051535,POINT (-75.3051535 41.64969805)
Mckean,2011-2012,10930700,6932120,580379,42083,41.81037074,-78.5712202,POINT (-78.5712202 41.81037074)
Schuylkill,2017-2018,71131247,46166620,3832330,42107,40.70751243,-76.22332385,POINT (-76.22332385 40.70751243)
Perry,2014-2015,12214703,9070209,666397,42099,40.40415317,-77.25907385,POINT (-77.25907385 40.40415317)
Chester,2011-2012,83934013,48934314,4417404,42029,39.97487056,-75.75626498,POINT (-75.75626498 39.97487056)
Lebanon,2015-2016,32613551,19200540,1739069,42075,40.367597,-76.46182575,POINT (-76.46182575 40.367597)
Philadelphia,2013-2014,535223434,295105774,27928544,42101,40.00444354,-75.140236,POINT (-75.140236 40.00444354)
Washington,2010-2011,52326230,29224595,2745150,42125,40.19109663,-80.25180083,POINT (-80.25180083 40.19109663)
Luzerne,2018-2019,149101224,100079531,8682410,42079,41.17836439,-75.9919961,POINT (-75.9919961 41.17836439)
Tioga,2014-2015,15236649,9352753,816478,42117,41.77333834,-77.25788076,POINT (-77.25788076 41.77333834)
Beaver,2014-2015,51159768,29037127,2706190,42007,40.68349245,-80.35107356,POINT (-80.35107356 40.68349245)
Lebanon,2012-2013,28977538,20620057,1572619,42075,40.367597,-76.46182575,POINT (-76.46182575 40.367597)
York,2011-2012,108387680,63400886,5781500,42133,39.92192531,-76.72576052,POINT (-76.72576052 39.92192531)
Clinton,2011-2012,12302633,7366856,659281,42035,41.23286274,-77.6428376,POINT (-77.6428376 41.23286274)
Westmoreland,2016-2017,143825343,95871585,7626010,42129,40.310315,-79.47134118,POINT (-79.47134118 40.310315)
Allegheny,2013-2014,402883489,230190874,21284680,42003,40.46735543,-79.98619843,POINT (-79.98619843 40.46735543)
Bucks,2010-2011,126729608,71810742,6632920,42017,40.33501133,-75.11291241,POINT (-75.11291241 40.33501133)
Crawford,2014-2015,19000675,12030290,1015077,42039,41.68546907,-80.11321083,POINT (-80.11321083 41.68546907)
Mercer,2018-2019,42078957,26639807,2489537,42085,41.30237777,-80.26009411,POINT (-80.26009411 41.30237777)
Lackawanna,2018-2019,104506314,71503020,6136771,42069,41.43910064,-75.61218345,POINT (-75.61218345 41.43910064)
Out Of Country,2015-2016,,2538,,,,,
Warren,2014-2015,18985189,12754289,1026269,42123,41.81675237,-79.27858158,POINT (-79.27858158 41.81675237)
Westmoreland,2011-2012,129062260,76713167,6856722,42129,40.310315,-79.47134118,POINT (-79.47134118 40.310315)
York,2010-2011,98228267,58212247,5208872,42133,39.92192531,-76.72576052,POINT (-76.72576052 39.92192531)
Clarion,2018-2019,14185740,9294642,829809,42031,41.19279129,-79.42483608,POINT (-79.42483608 41.19279129)
Schuylkill,2013-2014,66255735,41470706,3556656,42107,40.70751243,-76.22332385,POINT (-76.22332385 40.70751243)
Bedford,2017-2018,13285515,8469672,710171,42009,40.00737536,-78.49116474,POINT (-78.49116474 40.00737536)
Franklin,2017-2018,39115369,25154595,2097982,42055,39.92786197,-77.72398845,POINT (-77.72398845 39.92786197)
Perry,2016-2017,11951287,8945821,641887,42099,40.40415317,-77.25907385,POINT (-77.25907385 40.40415317)
Fayette,2016-2017,54564557,35634293,2916230,42051,39.9194478,-79.65189635,POINT (-79.65189635 39.9194478)
Out Of State,2010-2011,,8516327,,,,,
Cameron,2010-2011,1653309,995215,87962,42023,41.43880265,-78.20916932,POINT (-78.20916932 41.43880265)
Lycoming,2012-2013,42625290,29678961,2307381,42081,41.34459792,-77.06942457,POINT (-77.06942457 41.34459792)
Union,2017-2018,10345875,7178280,561731,42119,40.96473131,-77.06415803,POINT (-77.06415803 40.96473131)
Susquehanna,2018-2019,14149048,9785701,831046,42115,41.8205686,-75.80250303,POINT (-75.80250303 41.8205686)
Butler,2016-2017,64858575,42652205,3468391,42019,40.91083185,-79.91711779,POINT (-79.91711779 40.91083185)
Pike,2015-2016,14106881,8455822,736579,42103,41.332572,-75.03270924,POINT (-75.03270924 41.332572)
Delaware,2015-2016,163177271,96379492,8517338,42045,39.91657867,-75.40627712,POINT (-75.40627712 39.91657867)
Sullivan,2013-2014,1611476,851060,87006,42113,41.4480994,-76.5147922,POINT (-76.5147922 41.4480994)
Washington,2015-2016,66445185,39573671,3505269,42125,40.19109663,-80.25180083,POINT (-80.25180083 40.19109663)
Schuylkill,2010-2011,56699867,35285266,3006622,42107,40.70751243,-76.22332385,POINT (-76.22332385 40.70751243)
Erie,2013-2014,80225093,49515583,4306302,42049,41.99413787,-80.0407591,POINT (-80.0407591 41.99413787)
Cameron,2015-2016,2159270,1326078,115028,42023,41.43880265,-78.20916932,POINT (-78.20916932 41.43880265)
Lycoming,2018-2019,43045285,29550451,2439763,42081,41.34459792,-77.06942457,POINT (-77.06942457 41.34459792)
Wayne,2012-2013,17767565,11628725,948787,42127,41.64969805,-75.3051535,POINT (-75.3051535 41.64969805)
Somerset,2014-2015,20343852,12435795,1089732,42111,39.97146299,-79.03100206,POINT (-79.03100206 39.97146299)
Lancaster,2014-2015,109906648,68021272,5889272,42071,40.04590796,-76.25138768,POINT (-76.25138768 40.04590796)
Bedford,2014-2015,9822204,5780464,522860,42009,40.00737536,-78.49116474,POINT (-78.49116474 40.00737536)
Juniata,2017-2018,5852447,4024117,317346,42067,40.53433008,-77.405775,POINT (-77.405775 40.53433008)
Armstrong,2018-2019,27234377,17540533,1656426,42005,40.81509526,-79.47316899,POINT (-79.47316899 40.81509526)
Fulton,2016-2017,3221623,2114960,173493,42057,39.92487511,-78.11485045,POINT (-78.11485045 39.92487511)
Clinton,2015-2016,15669542,10513894,842259,42035,41.23286274,-77.6428376,POINT (-77.6428376 41.23286274)
Luzerne,2010-2011,109798851,69689070,5844528,42079,41.17836439,-75.9919961,POINT (-75.9919961 41.17836439)
Mifflin,2012-2013,15325153,9735192,830512,42087,40.61274928,-77.62003089,POINT (-77.62003089 40.61274928)
Cumberland,2016-2017,67326214,42439632,3574429,42041,40.16759839,-77.26866271,POINT (-77.26866271 40.16759839)
Blair,2011-2012,54254605,37533691,2962092,42013,40.48555024,-78.34907687,POINT (-78.34907687 40.48555024)
Carbon,2016-2017,25612512,18269913,1360287,42025,40.91936701,-75.71107039,POINT (-75.71107039 40.91936701)
Monroe,2015-2016,50597252,31782822,2655393,42089,41.06091787,-75.34083603,POINT (-75.34083603 41.06091787)
Crawford,2010-2011,16731691,11012383,887808,42039,41.68546907,-80.11321083,POINT (-80.11321083 41.68546907)
Clarion,2014-2015,11519318,6985568,621380,42031,41.19279129,-79.42483608,POINT (-79.42483608 41.19279129)
Montour,2014-2015,7458967,5452363,411777,42093,41.02801824,-76.66470527,POINT (-76.66470527 41.02801824)
Armstrong,2015-2016,24337470,14414365,1289716,42005,40.81509526,-79.47316899,POINT (-79.47316899 40.81509526)
Adams,2018-2019,24844636,18273268,1474103,42001,39.87209565,-77.22224271,POINT (-77.22224271 39.87209565)
Bucks,2012-2013,153892684,122153610,8219335,42017,40.33501133,-75.11291241,POINT (-75.11291241 40.33501133)
Warren,2011-2012,16974302,10435932,905898,42123,41.81675237,-79.27858158,POINT (-79.27858158 41.81675237)
Jefferson,2013-2014,16253764,11476710,881773,42065,41.13139091,-79.00101814,POINT (-79.00101814 41.13139091)
Centre,2013-2014,28776690,20453825,1550288,42027,40.9193135,-77.82500112,POINT (-77.82500112 40.9193135)
Blair,2014-2015,61851008,41451312,3338189,42013,40.48555024,-78.34907687,POINT (-78.34907687 40.48555024)
Mercer,2010-2011,31477433,21599801,1670111,42085,41.30237777,-80.26009411,POINT (-80.26009411 41.30237777)
Forest,2011-2012,2524568,1364774,132673,42053,41.51357876,-79.23780995,POINT (-79.23780995 41.51357876)
Franklin,2012-2013,30484910,26015091,1642930,42055,39.92786197,-77.72398845,POINT (-77.72398845 39.92786197)
Northumberland,2011-2012,31515296,20200231,1683969,42097,40.85150926,-76.71188423,POINT (-76.71188423 40.85150926)
Snyder,2016-2017,11744543,7486007,628520,42109,40.77113737,-77.07255968,POINT (-77.07255968 40.77113737)
Elk,2010-2011,9728441,6070912,522441,42047,41.42819416,-78.64947713,POINT (-78.64947713 41.42819416)
Pike,2011-2012,8745119,7433515,473348,42103,41.332572,-75.03270924,POINT (-75.03270924 41.332572)
Huntingdon,2013-2014,10152951,7573410,555398,42061,40.416105,-77.9827661,POINT (-77.9827661 40.416105)
Mercer,2015-2016,42290792,28174812,2241256,42085,41.30237777,-80.26009411,POINT (-80.26009411 41.30237777)
Lehigh,2014-2015,88355101,52266568,4700002,42077,40.61464794,-75.60099481,POINT (-75.60099481 40.61464794)
Union,2010-2011,6100814,4048991,327275,42119,40.96473131,-77.06415803,POINT (-77.06415803 40.96473131)
Susquehanna,2015-2016,15819492,9335423,842703,42115,41.8205686,-75.80250303,POINT (-75.80250303 41.8205686)
Butler,2011-2012,49873383,28331361,2643967,42019,40.91083185,-79.91711779,POINT (-79.91711779 40.91083185)
Elk,2017-2018,12080211,8560468,654585,42047,41.42819416,-78.64947713,POINT (-78.64947713 41.42819416)
Indiana,2018-2019,32118977,20781929,1866825,42063,40.65295497,-79.09333493,POINT (-79.09333493 40.65295497)
Clearfield,2017-2018,32955122,24160419,1776069,42033,41.000429,-78.47558343,POINT (-78.47558343 41.000429)
Juniata,2012-2013,4257173,2709813,230553,42067,40.53433008,-77.405775,POINT (-77.405775 40.53433008)
York,2018-2019,138615924,95101983,8121978,42133,39.92192531,-76.72576052,POINT (-76.72576052 39.92192531)
Out Of Country,2016-2017,,337823,,,,,
Lancaster,2010-2011,87286341,55363757,4627669,42071,40.04590796,-76.25138768,POINT (-76.25138768 40.04590796)
Northumberland,2010-2011,28022184,21898450,1497002,42097,40.85150926,-76.71188423,POINT (-76.71188423 40.85150926)
Montgomery,2015-2016,210326052,125256627,11039722,42091,40.20989874,-75.37252001,POINT (-75.37252001 40.20989874)
Bedford,2010-2011,7754672,4300687,412915,42009,40.00737536,-78.49116474,POINT (-78.49116474 40.00737536)
Columbia,2016-2017,23801851,16166823,1291823,42037,41.04912086,-76.4100218,POINT (-76.4100218 41.04912086)
Greene,2011-2012,11354903,7043066,605089,42059,39.85480393,-80.22943817,POINT (-80.22943817 39.85480393)
Clearfield,2013-2014,27727395,17770623,1497641,42033,41.000429,-78.47558343,POINT (-78.47558343 41.000429)
Beaver,2012-2013,47905249,31218598,2537138,42007,40.68349245,-80.35107356,POINT (-80.35107356 40.68349245)
Berks,2016-2017,117697822,77591310,6243842,42011,40.41939635,-75.93077327,POINT (-75.93077327 40.41939635)
Montgomery,2010-2011,152323807,97106365,7968304,42091,40.20989874,-75.37252001,POINT (-75.37252001 40.20989874)
Dauphin,2011-2012,83522312,46725831,4391961,42043,40.41974636,-76.77960568,POINT (-76.77960568 40.41974636)
Cumberland,2012-2013,61831317,40262745,3307101,42041,40.16759839,-77.26866271,POINT (-77.26866271 40.16759839)
Armstrong,2011-2012,26979510,17413184,1451029,42005,40.81509526,-79.47316899,POINT (-79.47316899 40.81509526)
Montour,2018-2019,6516535,6319195,369078,42093,41.02801824,-76.66470527,POINT (-76.66470527 41.02801824)
Huntingdon,2012-2013,8930509,5801546,479560,42061,40.416105,-77.9827661,POINT (-77.9827661 40.416105)
Mckean,2014-2015,12609496,8870351,683627,42083,41.81037074,-78.5712202,POINT (-78.5712202 41.81037074)
Wyoming,2010-2011,4370506,2639155,233325,42131,41.51892488,-76.01813003,POINT (-76.01813003 41.51892488)
Venango,2016-2017,18049364,11474958,964058,42121,41.40341259,-79.76286561,POINT (-79.76286561 41.40341259)
Juniata,2018-2019,6223492,7628875,362943,42067,40.53433008,-77.405775,POINT (-77.405775 40.53433008)
Elk,2012-2013,11339885,9170527,621910,42047,41.42819416,-78.64947713,POINT (-78.64947713 41.42819416)
Lawrence,2013-2014,38202038,23747010,2049142,42073,40.99325035,-80.33754114,POINT (-80.33754114 40.99325035)
Cameron,2018-2019,2673922,1728494,160236,42023,41.43880265,-78.20916932,POINT (-78.20916932 41.43880265)
Forest,2015-2016,2269065,1291608,121013,42053,41.51357876,-79.23780995,POINT (-79.23780995 41.51357876)
Forest,2018-2019,2120726,1195772,122570,42053,41.51357876,-79.23780995,POINT (-79.23780995 41.51357876)
Adams,2014-2015,18952118,11129184,1011393,42001,39.87209565,-77.22224271,POINT (-77.22224271 39.87209565)
Jefferson,2016-2017,15763946,10300987,843514,42065,41.13139091,-79.00101814,POINT (-79.00101814 41.13139091)
Chester,2010-2011,72528153,39912061,3796951,42029,39.97487056,-75.75626498,POINT (-75.75626498 39.97487056)
Clarion,2011-2012,11509169,7453759,618412,42031,41.19279129,-79.42483608,POINT (-79.42483608 41.19279129)
Lebanon,2018-2019,39059603,25983756,2263050,42075,40.367597,-76.46182575,POINT (-76.46182575 40.367597)
Snyder,2013-2014,9917914,5944861,536303,42109,40.77113737,-77.07255968,POINT (-77.07255968 40.77113737)
Greene,2017-2018,12349576,7475296,657454,42059,39.85480393,-80.22943817,POINT (-80.22943817 39.85480393)
Luzerne,2017-2018,141867815,96580671,7639255,42079,41.17836439,-75.9919961,POINT (-75.9919961 41.17836439)
Bucks,2017-2018,181659751,111869571,9683750,42017,40.33501133,-75.11291241,POINT (-75.11291241 40.33501133)
Dauphin,2016-2017,101624420,65035978,5357586,42043,40.41974636,-76.77960568,POINT (-76.77960568 40.41974636)
Northumberland,2015-2016,38530175,24015696,2151841,42097,40.85150926,-76.71188423,POINT (-76.71188423 40.85150926)
Philadelphia,2016-2017,544060910,326653238,28187039,42101,40.00444354,-75.140236,POINT (-75.140236 40.00444354)
Monroe,2014-2015,45823676,25539892,2415613,42089,41.06091787,-75.34083603,POINT (-75.34083603 41.06091787)
Susquehanna,2011-2012,13138520,7569092,698052,42115,41.8205686,-75.80250303,POINT (-75.80250303 41.8205686)
Cambria,2014-2015,65096803,41287815,3504487,42021,40.49127491,-78.71894174,POINT (-78.71894174 40.49127491)
Indiana,2014-2015,24023313,18622048,1300280,42063,40.65295497,-79.09333493,POINT (-79.09333493 40.65295497)
Montour,2011-2012,6514016,3651225,347487,42093,41.02801824,-76.66470527,POINT (-76.66470527 41.02801824)
Mifflin,2018-2019,17991385,12407085,1057805,42087,40.61274928,-77.62003089,POINT (-77.62003089 40.61274928)
Perry,2015-2016,12620683,7444991,670329,42099,40.40415317,-77.25907385,POINT (-77.25907385 40.40415317)
Lawrence,2018-2019,34400115,23455389,2043193,42073,40.99325035,-80.33754114,POINT (-80.33754114 40.99325035)
Warren,2018-2019,17303274,11675558,1027921,42123,41.81675237,-79.27858158,POINT (-79.27858158 41.81675237)
Northampton,2014-2015,72870960,43555261,3874508,42095,40.7545954,-75.31263726,POINT (-75.31263726 40.7545954)
Westmoreland,2013-2014,137750605,83658661,7350020,42129,40.310315,-79.47134118,POINT (-79.47134118 40.310315)
Sullivan,2016-2017,1401705,856754,74961,42113,41.4480994,-76.5147922,POINT (-76.5147922 41.4480994)
Perry,2010-2011,9579218,5813178,508865,42099,40.40415317,-77.25907385,POINT (-77.25907385 40.40415317)
Chester,2015-2016,104756034,58493225,5496516,42029,39.97487056,-75.75626498,POINT (-75.75626498 39.97487056)
Berks,2013-2014,108378619,69951533,5820252,42011,40.41939635,-75.93077327,POINT (-75.93077327 40.41939635)
Allegheny,2016-2017,415113339,256363999,21817532,42003,40.46735543,-79.98619843,POINT (-79.98619843 40.46735543)
Columbia,2011-2012,20158093,12111465,1083783,42037,41.04912086,-76.4100218,POINT (-76.4100218 41.04912086)
Delaware,2013-2014,148660090,161033390,7809606,42045,39.91657867,-75.40627712,POINT (-75.40627712 39.91657867)
Bradford,2015-2016,22120428,13674113,1179470,42015,41.79117814,-76.51825624,POINT (-76.51825624 41.79117814)
Blair,2018-2019,68720781,46122358,3794694,42013,40.48555024,-78.34907687,POINT (-78.34907687 40.48555024)
Crawford,2017-2018,25088518,17756564,1364168,42039,41.68546907,-80.11321083,POINT (-80.11321083 41.68546907)
Huntingdon,2017-2018,15205232,10275203,821960,42061,40.416105,-77.9827661,POINT (-77.9827661 40.416105)
Out Of Country,2011-2012,,548,,,,,
Schuylkill,2016-2017,68723654,44737132,3650686,42107,40.70751243,-76.22332385,POINT (-76.22332385 40.70751243)
Mckean,2010-2011,9660571,5981106,510552,42083,41.81037074,-78.5712202,POINT (-78.5712202 41.81037074)
Wyoming,2014-2015,5974510,3553951,324559,42131,41.51892488,-76.01813003,POINT (-76.01813003 41.51892488)
Cambria,2010-2011,59310487,38184724,3146894,42021,40.49127491,-78.71894174,POINT (-78.71894174 40.49127491)
Carbon,2012-2013,22370119,13654258,1190143,42025,40.91936701,-75.71107039,POINT (-75.71107039 40.91936701)
Fulton,2013-2014,2601861,1371667,139668,42057,39.92487511,-78.11485045,POINT (-78.11485045 39.92487511)
Fayette,2013-2014,55368724,32891560,2970161,42051,39.9194478,-79.65189635,POINT (-79.65189635 39.9194478)
Lancaster,2017-2018,128193962,86920896,6991667,42071,40.04590796,-76.25138768,POINT (-76.25138768 40.04590796)
Potter,2010-2011,4496228,3056628,239480,42105,41.74420644,-77.89879229,POINT (-77.89879229 41.74420644)
Lebanon,2014-2015,30371591,18323969,1635790,42075,40.367597,-76.46182575,POINT (-76.46182575 40.367597)
Centre,2015-2016,29933227,18740062,1590356,42027,40.9193135,-77.82500112,POINT (-77.82500112 40.9193135)
Philadelphia,2011-2012,500565887,290428295,25922711,42101,40.00444354,-75.140236,POINT (-75.140236 40.00444354)
Luzerne,2012-2013,127996640,82202356,6860143,42079,41.17836439,-75.9919961,POINT (-75.9919961 41.17836439)
Butler,2013-2014,57192368,35010500,3065453,42019,40.91083185,-79.91711779,POINT (-79.91711779 40.91083185)
Lackawanna,2012-2013,88065943,58072603,4720583,42069,41.43910064,-75.61218345,POINT (-75.61218345 41.43910064)
Tioga,2012-2013,15590494,9834402,833349,42117,41.77333834,-77.25788076,POINT (-77.25788076 41.77333834)
Elk,2018-2019,12315499,7782870,739342,42047,41.42819416,-78.64947713,POINT (-78.64947713 41.42819416)
Venango,2013-2014,18320775,11617595,989914,42121,41.40341259,-79.76286561,POINT (-79.76286561 41.40341259)
Potter,2015-2016,5142235,6203238,274654,42105,41.74420644,-77.89879229,POINT (-77.89879229 41.74420644)
Erie,2016-2017,86397552,56885066,4587332,42049,41.99413787,-80.0407591,POINT (-80.0407591 41.99413787)
Wayne,2017-2018,16615689,10407237,884583,42127,41.64969805,-75.3051535,POINT (-75.3051535 41.64969805)
Schuylkill,2011-2012,62088733,39640382,3322380,42107,40.70751243,-76.22332385,POINT (-76.22332385 40.70751243)
Out Of State,2014-2015,,5977632,,,,,
Lycoming,2014-2015,44662171,27447205,2416759,42081,41.34459792,-77.06942457,POINT (-77.06942457 41.34459792)
Fayette,2017-2018,59442557,37796234,3179472,42051,39.9194478,-79.65189635,POINT (-79.65189635 39.9194478)
Cameron,2011-2012,1891862,1120383,101038,42023,41.43880265,-78.20916932,POINT (-78.20916932 41.43880265)
Adams,2019-2020,25967622,19753784,1489854,42001,39.87209565,-77.22224271,POINT (-77.22224271 39.87209565)
Berks,2019-2020,121991450,76526988,6660250,42011,40.41939635,-75.93077327,POINT (-75.93077327 40.41939635)
Cambria,2019-2020,73105524,50158677,4032515,42021,40.49127491,-78.71894174,POINT (-78.71894174 40.49127491)
Sullivan,2019-2020,1569653,871843,88100,42113,41.44809940,-76.51479220,POINT (-76.5147922 41.4480994)
Mercer,2019-2020,41611378,27336952,2349355,42085,41.30237777,-80.26009411,POINT (-80.26009411 41.30237777)
Erie,2019-2020,108124704,73713061,6406747,42049,41.99413787,-80.04075910,POINT (-80.0407591 41.99413787)
Lebanon,2019-2020,37846161,25707098,2127567,42075,40.36759700,-76.46182575,POINT (-76.46182575 40.367597)
Fayette,2019-2020,67143261,45763270,3967498,42051,39.91944780,-79.65189635,POINT (-79.65189635 39.9194478)
Potter,2019-2020,5032572,4732059,296503,42105,41.74420644,-77.89879229,POINT (-77.89879229 41.74420644)
Chester,2019-2020,99989330,64204366,5516519,42029,39.97487056,-75.75626498,POINT (-75.75626498 39.97487056)
Cumberland,2019-2020,76105165,53376606,4393194,42041,40.16759839,-77.26866271,POINT (-77.26866271 40.16759839)
Montour,2019-2020,6345915,4178124,344753,42093,41.02801824,-76.66470527,POINT (-76.66470527 41.02801824)
Susquehanna,2019-2020,13088293,8475434,734530,42115,41.82056860,-75.80250303,POINT (-75.80250303 41.8205686)
Greene,2019-2020,14357820,8798807,811746,42059,39.85480393,-80.22943817,POINT (-80.22943817 39.85480393)
Warren,2019-2020,17015765,11584153,918002,42123,41.81675237,-79.27858158,POINT (-79.27858158 41.81675237)
Allegheny,2019-2020,480803543,311440809,28453822,42003,40.46735543,-79.98619843,POINT (-79.98619843 40.46735543)
Blair,2019-2020,67902212,47536753,3742628,42013,40.48555024,-78.34907687,POINT (-78.34907687 40.48555024)
Venango,2019-2020,20379683,14263320,1173027,42121,41.40341259,-79.76286561,POINT (-79.76286561 41.40341259)
Fulton,2019-2020,3508489,2230615,199728,42057,39.92487511,-78.11485045,POINT (-78.11485045 39.92487511)
Lehigh,2019-2020,102525983,65928516,5788206,42077,40.61464794,-75.60099481,POINT (-75.60099481 40.61464794)
Dauphin,2019-2020,114270294,76702529,6361496,42043,40.41974636,-76.77960568,POINT (-76.77960568 40.41974636)
Juniata,2019-2020,5882829,4615068,314150,42067,40.53433008,-77.40577500,POINT (-77.405775 40.53433008)
Wyoming,2019-2020,11415940,7242610,649979,42131,41.51892488,-76.01813003,POINT (-76.01813003 41.51892488)
Butler,2019-2020,67049827,46913370,3656253,42019,40.91083185,-79.91711779,POINT (-79.91711779 40.91083185)
Schuylkill,2019-2020,72318450,47388095,3883967,42107,40.70751243,-76.22332385,POINT (-76.22332385 40.70751243)
Centre,2019-2020,26324823,20151669,1514190,42027,40.91931350,-77.82500112,POINT (-77.82500112 40.9193135)
Mckean,2019-2020,16739621,12372148,1021597,42083,41.81037074,-78.57122020,POINT (-78.5712202 41.81037074)
Armstrong,2019-2020,27802120,24175882,1650861,42005,40.81509526,-79.47316899,POINT (-79.47316899 40.81509526)
Jefferson,2019-2020,15549765,9984326,882082,42065,41.13139091,-79.00101814,POINT (-79.00101814 41.13139091)
Lackawanna,2019-2020,107098211,70694838,6322942,42069,41.43910064,-75.61218345,POINT (-75.61218345 41.43910064)
Montgomery,2019-2020,229840010,139365433,13339100,42091,40.20989874,-75.37252001,POINT (-75.37252001 40.20989874)
Westmoreland,2019-2020,174611383,119724069,10176117,42129,40.31031500,-79.47134118,POINT (-79.47134118 40.310315)
Clinton,2019-2020,15187032,9862785,858147,42035,41.23286274,-77.64283760,POINT (-77.6428376 41.23286274)
Delaware,2019-2020,191156169,114924513,11070587,42045,39.91657867,-75.40627712,POINT (-75.40627712 39.91657867)
Monroe,2019-2020,55578294,33014152,3292353,42089,41.06091787,-75.34083603,POINT (-75.34083603 41.06091787)
Union,2019-2020,10843054,7083668,611981,42119,40.96473131,-77.06415803,POINT (-77.06415803 40.96473131)
Franklin,2019-2020,44151536,28407472,2595445,42055,39.92786197,-77.72398845,POINT (-77.72398845 39.92786197)
Carbon,2019-2020,30775249,20021714,1681493,42025,40.91936701,-75.71107039,POINT (-75.71107039 40.91936701)
Snyder,2019-2020,11319711,7289431,624093,42109,40.77113737,-77.07255968,POINT (-77.07255968 40.77113737)
Perry,2019-2020,13702151,9152690,759659,42099,40.40415317,-77.25907385,POINT (-77.25907385 40.40415317)
Bradford,2019-2020,23813393,15638097,1398770,42015,41.79117814,-76.51825624,POINT (-76.51825624 41.79117814)
Luzerne,2019-2020,149233720,94318930,8474309,42079,41.17836439,-75.99199610,POINT (-75.9919961 41.17836439)
York,2019-2020,135938787,103267176,7680791,42133,39.92192531,-76.72576052,POINT (-76.72576052 39.92192531)
Beaver,2019-2020,64004860,40352374,3607340,42007,40.68349245,-80.35107356,POINT (-80.35107356 40.68349245)
Lancaster,2019-2020,132810826,88471507,7432245,42071,40.04590796,-76.25138768,POINT (-76.25138768 40.04590796)
Northumberland,2019-2020,37829775,26558781,2081879,42097,40.85150926,-76.71188423,POINT (-76.71188423 40.85150926)
Wayne,2019-2020,16063307,10132589,955233,42127,41.64969805,-75.30515350,POINT (-75.3051535 41.64969805)
Columbia,2019-2020,23831632,15809106,1323569,42037,41.04912086,-76.41002180,POINT (-76.4100218 41.04912086)
Philadelphia,2019-2020,603384038,365137968,36164915,42101,40.00444354,-75.14023600,POINT (-75.140236 40.00444354)
Out Of State,2019-2020,,8460798,,,,,
Clearfield,2019-2020,34818324,22936751,1952564,42033,41.00042900,-78.47558343,POINT (-78.47558343 41.000429)
Indiana,2019-2020,32973058,23299001,1955624,42063,40.65295497,-79.09333493,POINT (-79.09333493 40.65295497)
Cameron,2019-2020,2590509,1697641,159335,42023,41.43880265,-78.20916932,POINT (-78.20916932 41.43880265)
Mifflin,2019-2020,18143930,12416092,1070641,42087,40.61274928,-77.62003089,POINT (-77.62003089 40.61274928)
Lycoming,2019-2020,43017667,30258688,2417593,42081,41.34459792,-77.06942457,POINT (-77.06942457 41.34459792)
Forest,2019-2020,2051484,1197697,125995,42053,41.51357876,-79.23780995,POINT (-79.23780995 41.51357876)
Somerset,2019-2020,27132453,18103187,1537171,42111,39.97146299,-79.03100206,POINT (-79.03100206 39.97146299)
Elk,2019-2020,12029240,7817949,673338,42047,41.42819416,-78.64947713,POINT (-78.64947713 41.42819416)
Bucks,2019-2020,192200121,127253664,11036892,42017,40.33501133,-75.11291241,POINT (-75.11291241 40.33501133)
Tioga,2019-2020,12642262,8345121,687935,42117,41.77333834,-77.25788076,POINT (-77.25788076 41.77333834)
Lawrence,2019-2020,35294291,23666903,2014568,42073,40.99325035,-80.33754114,POINT (-80.33754114 40.99325035)
Huntingdon,2019-2020,15919029,10831531,868406,42061,40.41610500,-77.98276610,POINT (-77.9827661 40.416105)
Pike,2019-2020,14050206,9668256,874292,42103,41.33257200,-75.03270924,POINT (-75.03270924 41.332572)
Crawford,2019-2020,28541155,18795450,1568880,42039,41.68546907,-80.11321083,POINT (-80.11321083 41.68546907)
Bedford,2019-2020,12288309,7982801,681973,42009,40.00737536,-78.49116474,POINT (-78.49116474 40.00737536)
Northampton,2019-2020,87594826,56138970,5034715,42095,40.75459540,-75.31263726,POINT (-75.31263726 40.7545954)
Clarion,2019-2020,14816000,9909354,844556,42031,41.19279129,-79.42483608,POINT (-79.42483608 41.19279129)
Out Of Country,2019-2020,,555,,,,,
Washington,2019-2020,70429322,43420614,4066629,42125,40.19109663,-80.25180083,POINT (-80.25180083 40.19109663)
Adams,2020-2021,30398262,22988941,1919304,42001,39.87209565,-77.22224271,POINT (-77.22224271 39.87209565)
Berks,2020-2021,141117539,88968286,8810329,42011,40.41939635,-75.93077327,POINT (-75.93077327 40.41939635)
Cambria,2020-2021,84295020,60181364,5330586,42021,40.49127491,-78.71894174,POINT (-78.71894174 40.49127491)
Sullivan,2020-2021,1836342,1040107,110509,42113,41.44809940,-76.51479220,POINT (-76.5147922 41.4480994)
Mercer,2020-2021,50618765,32180174,3147055,42085,41.30237777,-80.26009411,POINT (-80.26009411 41.30237777)
Erie,2020-2021,132706306,90165308,8587059,42049,41.99413787,-80.04075910,POINT (-80.0407591 41.99413787)
Lebanon,2020-2021,46023069,32656052,2868091,42075,40.36759700,-76.46182575,POINT (-76.46182575 40.367597)
Fayette,2020-2021,81054544,59181233,5239143,42051,39.91944780,-79.65189635,POINT (-79.65189635 39.9194478)
Potter,2020-2021,5680645,3595354,345814,42105,41.74420644,-77.89879229,POINT (-77.89879229 41.74420644)
Chester,2020-2021,117287503,81602992,7065278,42029,39.97487056,-75.75626498,POINT (-75.75626498 39.97487056)
Cumberland,2020-2021,86960111,59170719,5194987,42041,40.16759839,-77.26866271,POINT (-77.26866271 40.16759839)
Montour,2020-2021,7374072,4915601,449394,42093,41.02801824,-76.66470527,POINT (-76.66470527 41.02801824)
Susquehanna,2020-2021,15479096,10436231,908484,42115,41.82056860,-75.80250303,POINT (-75.80250303 41.8205686)
Greene,2020-2021,17756285,11514045,1135404,42059,39.85480393,-80.22943817,POINT (-80.22943817 39.85480393)
Warren,2020-2021,19568623,13850294,1236914,42123,41.81675237,-79.27858158,POINT (-79.27858158 41.81675237)
Allegheny,2020-2021,563856385,363634057,35184503,42003,40.46735543,-79.98619843,POINT (-79.98619843 40.46735543)
Blair,2020-2021,77697652,55606766,4857692,42013,40.48555024,-78.34907687,POINT (-78.34907687 40.48555024)
Venango,2020-2021,24639616,19186151,1572752,42121,41.40341259,-79.76286561,POINT (-79.76286561 41.40341259)
Fulton,2020-2021,4088792,2924647,236460,42057,39.92487511,-78.11485045,POINT (-78.11485045 39.92487511)
Lehigh,2020-2021,119384632,79171443,7385162,42077,40.61464794,-75.60099481,POINT (-75.60099481 40.61464794)
Dauphin,2020-2021,149471362,85674132,8034455,42043,40.41974636,-76.77960568,POINT (-76.77960568 40.41974636)
Juniata,2020-2021,6489497,4203726,387952,42067,40.53433008,-77.40577500,POINT (-77.405775 40.53433008)
Wyoming,2020-2021,13287614,8764309,778525,42131,41.51892488,-76.01813003,POINT (-76.01813003 41.51892488)
Butler,2020-2021,76853821,51526255,4641013,42019,40.91083185,-79.91711779,POINT (-79.91711779 40.91083185)
Schuylkill,2020-2021,85983825,60317683,5415830,42107,40.70751243,-76.22332385,POINT (-76.22332385 40.70751243)
Centre,2020-2021,30085569,19723325,1797317,42027,40.91931350,-77.82500112,POINT (-77.82500112 40.9193135)
Mckean,2020-2021,20182560,13644705,1825747,42083,41.81037074,-78.57122020,POINT (-78.5712202 41.81037074)
Armstrong,2020-2021,33851398,22176126,2114055,42005,40.81509526,-79.47316899,POINT (-79.47316899 40.81509526)
Jefferson,2020-2021,18542491,11994762,1137357,42065,41.13139091,-79.00101814,POINT (-79.00101814 41.13139091)
Lackawanna,2020-2021,122521898,83352594,7688086,42069,41.43910064,-75.61218345,POINT (-75.61218345 41.43910064)
Montgomery,2020-2021,277122208,186430035,16972611,42091,40.20989874,-75.37252001,POINT (-75.37252001 40.20989874)
Westmoreland,2020-2021,197121569,131550434,12116138,42129,40.31031500,-79.47134118,POINT (-79.47134118 40.310315)
Clinton,2020-2021,17919428,12625788,1133220,42035,41.23286274,-77.64283760,POINT (-77.6428376 41.23286274)
Delaware,2020-2021,238520797,150177809,15111447,42045,39.91657867,-75.40627712,POINT (-75.40627712 39.91657867)
Monroe,2020-2021,67285690,42809000,4113576,42089,41.06091787,-75.34083603,POINT (-75.34083603 41.06091787)
Union,2020-2021,12244014,7853437,734770,42119,40.96473131,-77.06415803,POINT (-77.06415803 40.96473131)
Franklin,2020-2021,52032012,36125241,3270376,42055,39.92786197,-77.72398845,POINT (-77.72398845 39.92786197)
Carbon,2020-2021,37206193,24080110,2348789,42025,40.91936701,-75.71107039,POINT (-75.71107039 40.91936701)
Snyder,2020-2021,13756508,10257994,852088,42109,40.77113737,-77.07255968,POINT (-77.07255968 40.77113737)
Perry,2020-2021,15839477,10770604,992577,42099,40.40415317,-77.25907385,POINT (-77.25907385 40.40415317)
Bradford,2020-2021,28089324,19367561,1761433,42015,41.79117814,-76.51825624,POINT (-76.51825624 41.79117814)
Luzerne,2020-2021,175534349,115312790,10939292,42079,41.17836439,-75.99199610,POINT (-75.9919961 41.17836439)
York,2020-2021,156431053,106436273,9644505,42133,39.92192531,-76.72576052,POINT (-76.72576052 39.92192531)
Beaver,2020-2021,76866271,52815780,4773107,42007,40.68349245,-80.35107356,POINT (-80.35107356 40.68349245)
Lancaster,2020-2021,155459581,104389754,9570772,42071,40.04590796,-76.25138768,POINT (-76.25138768 40.04590796)
Northumberland,2020-2021,45103337,32187678,2893886,42097,40.85150926,-76.71188423,POINT (-76.71188423 40.85150926)
Wayne,2020-2021,19420721,12022480,1185622,42127,41.64969805,-75.30515350,POINT (-75.3051535 41.64969805)
Columbia,2020-2021,28075937,18403415,1746437,42037,41.04912086,-76.41002180,POINT (-76.4100218 41.04912086)
Philadelphia,2020-2021,732920792,463181763,45736438,42101,40.00444354,-75.14023600,POINT (-75.140236 40.00444354)
Out Of State,2020-2021,,22145015,,,,,
Clearfield,2020-2021,40266760,28950289,2513585,42033,41.00042900,-78.47558343,POINT (-78.47558343 41.000429)
Indiana,2020-2021,38810708,29281778,2461013,42063,40.65295497,-79.09333493,POINT (-79.09333493 40.65295497)
Cameron,2020-2021,3236688,2081953,205634,42023,41.43880265,-78.20916932,POINT (-78.20916932 41.43880265)
Mifflin,2020-2021,20771693,16719800,1283367,42087,40.61274928,-77.62003089,POINT (-77.62003089 40.61274928)
Lycoming,2020-2021,49181729,33742469,3045263,42081,41.34459792,-77.06942457,POINT (-77.06942457 41.34459792)
Forest,2020-2021,2373758,1371367,146087,42053,41.51357876,-79.23780995,POINT (-79.23780995 41.51357876)
Somerset,2020-2021,32115537,23232864,1976038,42111,39.97146299,-79.03100206,POINT (-79.03100206 39.97146299)
Elk,2020-2021,13583775,8761804,793134,42047,41.42819416,-78.64947713,POINT (-78.64947713 41.42819416)
Bucks,2020-2021,227270043,151152316,13932692,42017,40.33501133,-75.11291241,POINT (-75.11291241 40.33501133)
Tioga,2020-2021,14355730,9941710,868906,42117,41.77333834,-77.25788076,POINT (-77.25788076 41.77333834)
Lawrence,2020-2021,42235033,30157626,2702728,42073,40.99325035,-80.33754114,POINT (-80.33754114 40.99325035)
Huntingdon,2020-2021,18364299,12971814,1131506,42061,40.41610500,-77.98276610,POINT (-77.9827661 40.416105)
Pike,2020-2021,16608252,9869534,994797,42103,41.33257200,-75.03270924,POINT (-75.03270924 41.332572)
Crawford,2020-2021,34249249,23283305,2195702,42039,41.68546907,-80.11321083,POINT (-80.11321083 41.68546907)
Bedford,2020-2021,14475027,9166789,882585,42009,40.00737536,-78.49116474,POINT (-78.49116474 40.00737536)
Northampton,2020-2021,102160864,69077295,6272637,42095,40.75459540,-75.31263726,POINT (-75.31263726 40.7545954)
Clarion,2020-2021,17750453,12248257,1120508,42031,41.19279129,-79.42483608,POINT (-79.42483608 41.19279129)
Out Of Country,2020-2021,,4032,,,,,
Washington,2020-2021,82616597,54637824,5243696,42125,40.19109663,-80.25180083,POINT (-80.25180083 40.19109663)
Adams,2021-2022,29900757,17619574,1731108,42001,39.87209565,-77.22224271,POINT (-77.22224271 39.87209565)
Berks,2021-2022,132620994,78146530,7390793,42011,40.41939635,-75.93077327,POINT (-75.93077327 40.41939635)
Cambria,2021-2022,78390999,47691455,4199155,42021,40.49127491,-78.71894174,POINT (-78.71894174 40.49127491)
Sullivan,2021-2022,1556622,758957,90610,42113,41.44809940,-76.51479220,POINT (-76.5147922 41.4480994)
Mercer,2021-2022,48310435,27795287,2904173,42085,41.30237777,-80.26009411,POINT (-80.26009411 41.30237777)
Out Of State,2021-2022,,335743175,,,,,
Erie,2021-2022,122820975,80658997,6709475,42049,41.99413787,-80.04075910,POINT (-80.0407591 41.99413787)
Lebanon,2021-2022,44432764,30268393,2455358,42075,40.36759700,-76.46182575,POINT (-76.46182575 40.367597)
Fayette,2021-2022,77361781,48208461,4420581,42051,39.91944780,-79.65189635,POINT (-79.65189635 39.9194478)
Potter,2021-2022,5715846,3252350,345521,42105,41.74420644,-77.89879229,POINT (-77.89879229 41.74420644)
Chester,2021-2022,116397193,69611541,6767669,42029,39.97487056,-75.75626498,POINT (-75.75626498 39.97487056)
Cumberland,2021-2022,89671914,58661866,5378771,42041,40.16759839,-77.26866271,POINT (-77.26866271 40.16759839)
Montour,2021-2022,6935381,4073183,364320,42093,41.02801824,-76.66470527,POINT (-76.66470527 41.02801824)
Susquehanna,2021-2022,15892532,9519446,962357,42115,41.82056860,-75.80250303,POINT (-75.80250303 41.8205686)
Greene,2021-2022,17453960,11074354,1053966,42059,39.85480393,-80.22943817,POINT (-80.22943817 39.85480393)
Warren,2021-2022,18029145,10834333,975789,42123,41.81675237,-79.27858158,POINT (-79.27858158 41.81675237)
Allegheny,2021-2022,554065696,321835975,32957679,42003,40.46735543,-79.98619843,POINT (-79.98619843 40.46735543)
Blair,2021-2022,71899910,45927011,3913386,42013,40.48555024,-78.34907687,POINT (-78.34907687 40.48555024)
Venango,2021-2022,22320579,13370685,1218875,42121,41.40341259,-79.76286561,POINT (-79.76286561 41.40341259)
Fulton,2021-2022,3766936,2195289,217597,42057,39.92487511,-78.11485045,POINT (-78.11485045 39.92487511)
Lehigh,2021-2022,115899515,73012707,6501269,42077,40.61464794,-75.60099481,POINT (-75.60099481 40.61464794)
Dauphin,2021-2022,141693985,81220445,6818124,42043,40.41974636,-76.77960568,POINT (-76.77960568 40.41974636)
Juniata,2021-2022,6058440,4012824,335329,42067,40.53433008,-77.40577500,POINT (-77.405775 40.53433008)
Wyoming,2021-2022,13393780,7740135,821961,42131,41.51892488,-76.01813003,POINT (-76.01813003 41.51892488)
Butler,2021-2022,77571495,45684279,4498974,42019,40.91083185,-79.91711779,POINT (-79.91711779 40.91083185)
Schuylkill,2021-2022,76481943,46212531,4102477,42107,40.70751243,-76.22332385,POINT (-76.22332385 40.70751243)
Centre,2021-2022,29251780,17156062,1652104,42027,40.91931350,-77.82500112,POINT (-77.82500112 40.9193135)
Mckean,2021-2022,18439361,11435552,1491743,42083,41.81037074,-78.57122020,POINT (-78.5712202 41.81037074)
Armstrong,2021-2022,32093440,19876902,1912923,42005,40.81509526,-79.47316899,POINT (-79.47316899 40.81509526)
Jefferson,2021-2022,17169786,11418891,970488,42065,41.13139091,-79.00101814,POINT (-79.00101814 41.13139091)
Lackawanna,2021-2022,118742260,72751722,6630120,42069,41.43910064,-75.61218345,POINT (-75.61218345 41.43910064)
Montgomery,2021-2022,272871978,158336778,15691770,42091,40.20989874,-75.37252001,POINT (-75.37252001 40.20989874)
Westmoreland,2021-2022,195127437,118680965,11451681,42129,40.31031500,-79.47134118,POINT (-79.47134118 40.310315)
Clinton,2021-2022,16443874,10445763,877748,42035,41.23286274,-77.64283760,POINT (-77.6428376 41.23286274)
Delaware,2021-2022,225946689,125678718,12612405,42045,39.91657867,-75.40627712,POINT (-75.40627712 39.91657867)
Monroe,2021-2022,65580957,37700358,3797696,42089,41.06091787,-75.34083603,POINT (-75.34083603 41.06091787)
Union,2021-2022,11622517,7010555,657970,42119,40.96473131,-77.06415803,POINT (-77.06415803 40.96473131)
Franklin,2021-2022,51540224,30436533,2950225,42055,39.92786197,-77.72398845,POINT (-77.72398845 39.92786197)
Carbon,2021-2022,31136473,19271491,1723854,42025,40.91936701,-75.71107039,POINT (-75.71107039 40.91936701)
Snyder,2021-2022,12377614,7554903,716435,42109,40.77113737,-77.07255968,POINT (-77.07255968 40.77113737)
Perry,2021-2022,14808057,9044282,802883,42099,40.40415317,-77.25907385,POINT (-77.25907385 40.40415317)
Bradford,2021-2022,26011475,15447606,1398821,42015,41.79117814,-76.51825624,POINT (-76.51825624 41.79117814)
Luzerne,2021-2022,165710357,111791942,9485131,42079,41.17836439,-75.99199610,POINT (-75.9919961 41.17836439)
York,2021-2022,149488820,90022802,8288225,42133,39.92192531,-76.72576052,POINT (-76.72576052 39.92192531)
Beaver,2021-2022,73433575,43123146,4244241,42007,40.68349245,-80.35107356,POINT (-80.35107356 40.68349245)
Lancaster,2021-2022,150731762,92535979,8495750,42071,40.04590796,-76.25138768,POINT (-76.25138768 40.04590796)
Northumberland,2021-2022,41144104,27718300,2268634,42097,40.85150926,-76.71188423,POINT (-76.71188423 40.85150926)
Wayne,2021-2022,19610541,11558885,1166604,42127,41.64969805,-75.30515350,POINT (-75.3051535 41.64969805)
Columbia,2021-2022,26227082,16202940,1600802,42037,41.04912086,-76.41002180,POINT (-76.4100218 41.04912086)
Philadelphia,2021-2022,650113703,369994972,35917975,42101,40.00444354,-75.14023600,POINT (-75.140236 40.00444354)
Clearfield,2021-2022,37438788,22357806,2042521,42033,41.00042900,-78.47558343,POINT (-78.47558343 41.000429)
Indiana,2021-2022,37561944,26522370,2259130,42063,40.65295497,-79.09333493,POINT (-79.09333493 40.65295497)
Cameron,2021-2022,2854304,1656424,136648,42023,41.43880265,-78.20916932,POINT (-78.20916932 41.43880265)
Mifflin,2021-2022,19131462,12248323,1052396,42087,40.61274928,-77.62003089,POINT (-77.62003089 40.61274928)
Lycoming,2021-2022,45424809,32350500,2563576,42081,41.34459792,-77.06942457,POINT (-77.06942457 41.34459792)
Forest,2021-2022,2217960,1189697,124616,42053,41.51357876,-79.23780995,POINT (-79.23780995 41.51357876)
Somerset,2021-2022,31898196,20760522,1957943,42111,39.97146299,-79.03100206,POINT (-79.03100206 39.97146299)
Elk,2021-2022,12622563,7350769,686399,42047,41.42819416,-78.64947713,POINT (-78.64947713 41.42819416)
Bucks,2021-2022,227633904,142845379,12994323,42017,40.33501133,-75.11291241,POINT (-75.11291241 40.33501133)
Tioga,2021-2022,13134940,8724302,723185,42117,41.77333834,-77.25788076,POINT (-77.25788076 41.77333834)
Lawrence,2021-2022,40543763,24435876,2337738,42073,40.99325035,-80.33754114,POINT (-80.33754114 40.99325035)
Huntingdon,2021-2022,16494488,10072997,904396,42061,40.41610500,-77.98276610,POINT (-77.9827661 40.416105)
Pike,2021-2022,16051780,8594181,923171,42103,41.33257200,-75.03270924,POINT (-75.03270924 41.332572)
Crawford,2021-2022,32265044,19045548,1754595,42039,41.68546907,-80.11321083,POINT (-80.11321083 41.68546907)
Bedford,2021-2022,13569603,7721048,751677,42009,40.00737536,-78.49116474,POINT (-78.49116474 40.00737536)
Northampton,2021-2022,98681017,56405881,5655763,42095,40.75459540,-75.31263726,POINT (-75.31263726 40.7545954)
Clarion,2021-2022,16516794,10405396,924983,42031,41.19279129,-79.42483608,POINT (-79.42483608 41.19279129)
Out Of Country,2021-2022,,240,,,,,
Washington,2021-2022,79801125,46976573,4627922,42125,40.19109663,-80.25180083,POINT (-80.25180083 40.19109663)
